@id,type,Ville,CodePostale,Departement,Region,latitude,longitude
https://data.datatourisme.fr/13/000fac17-cff9-3918-a3d6-8edc919c8533,Store,Calvi,20260,Haute-Corse,Corse,42.555104,8.761533
https://data.datatourisme.fr/13/016f3145-67f8-33c3-9293-109b420a9104,SportsAndLeisurePlace,Porto-Vecchio,20137,Corse-du-Sud,Corse,41.590132,9.283183
https://data.datatourisme.fr/13/018c05e0-d6c7-34b8-b42d-5f29245d99f2,Store,Calvi,20260,Haute-Corse,Corse,42.568,8.7595
https://data.datatourisme.fr/13/019b2930-944c-3019-8e9a-9fa4aaf10797,CulturalSite,San-Gavino-di-Carbini,20170,Corse-du-Sud,Corse,41.656311,9.279691
https://data.datatourisme.fr/13/0278689c-4ed8-3c84-8877-0e9a86826f8e,HolidayResort,Porto-Vecchio,20137,Corse-du-Sud,Corse,41.564,9.3193
https://data.datatourisme.fr/13/02a62a16-35f5-3f66-a2e9-e9867fc058c8,HolidayResort,Belgodère,20226,Haute-Corse,Corse,42.635161,9.019568
https://data.datatourisme.fr/13/03029151-dc30-3bd5-bcb5-f9d11cd3a8b8,SportsCompetition,L'Île-Rousse,20220,Haute-Corse,Corse,42.634253,8.937518
https://data.datatourisme.fr/13/036f1d3c-de42-3cf8-9556-493ac595b82d,HolidayResort,Bonifacio,20169,Corse-du-Sud,Corse,41.477,9.2676
https://data.datatourisme.fr/13/03f2b051-1a14-384a-9fea-398f41680bb5,Store,L'Île-Rousse,20220,Haute-Corse,Corse,42.640551,8.935447
https://data.datatourisme.fr/13/049ce2bc-8084-362e-9106-a0207123c0dd,CampingAndCaravanning,Aregno,20220,Haute-Corse,Corse,42.603158,8.884512
https://data.datatourisme.fr/13/04e6e5e4-03d2-3044-a891-95e20ceb42f5,Store,L'Île-Rousse,20220,Haute-Corse,Corse,42.633765,8.940127
https://data.datatourisme.fr/13/04e98648-8b26-3ec3-ba1b-2668c8f91467,CulturalSite,Pietralba,20218,Haute-Corse,Corse,42.545647,9.185779
https://data.datatourisme.fr/13/054a6e8c-747b-3c31-bb7f-45fa98f35981,FoodEstablishment,Calvi,20260,Haute-Corse,Corse,42.566419,8.757934
https://data.datatourisme.fr/13/055acb63-b88d-3a43-ada0-d9c9bd7fcea2,HolidayResort,L'Île-Rousse,20220,Haute-Corse,Corse,42.637671,8.934751
https://data.datatourisme.fr/13/059f8a2a-bf11-3e66-8eac-9b6c8d42682c,Transporter,Calvi,20260,Haute-Corse,Corse,42.568,8.7586
https://data.datatourisme.fr/13/05b9955c-69c1-3ca0-be2f-e73940f667a6,FoodEstablishment,Lecci,20137,Corse-du-Sud,Corse,41.672682,9.301979
https://data.datatourisme.fr/13/05edfeed-1f83-3ba6-be26-b8115a9045a2,HotelTrade,Algajola,20220,Haute-Corse,Corse,42.608,8.8637
https://data.datatourisme.fr/13/072540af-fcf5-3786-a07f-d9fc79072789,CampingAndCaravanning,Porto-Vecchio,20137,Corse-du-Sud,Corse,41.630087,9.312565
https://data.datatourisme.fr/13/07358aac-762c-3a78-9cde-0c11b158441e,HotelTrade,Porto-Vecchio,20137,Corse-du-Sud,Corse,41.546736,9.284826
https://data.datatourisme.fr/13/0764ccdf-7405-3bf3-9b98-00090f7321f7,FoodEstablishment,L'Île-Rousse,20220,Haute-Corse,Corse,42.633965,8.939079
https://data.datatourisme.fr/13/0788209a-12f8-3944-87e1-daf8b00bb63b,HolidayResort,Porto-Vecchio,20137,Corse-du-Sud,Corse,41.549489,9.298516
https://data.datatourisme.fr/13/08ad33e6-38a9-3970-8784-3f4ebfe06b25,HotelTrade,Algajola,20220,Haute-Corse,Corse,42.608218,8.863331
https://data.datatourisme.fr/13/09aea6cc-c59b-3875-9e43-18a7832527d1,SwimmingPool,Calvi,20260,Haute-Corse,Corse,42.550375,8.796926
https://data.datatourisme.fr/13/09ca6878-fd52-36a3-85b8-fe0709fc3054,CampingAndCaravanning,Porto-Vecchio,20137,Corse-du-Sud,Corse,41.571674,9.275891
https://data.datatourisme.fr/13/09cb28ae-f1db-3746-abfa-db9646d968af,SportsAndLeisurePlace,Saint-Florent,20217,Haute-Corse,Corse,42.679154,9.300453
https://data.datatourisme.fr/13/0a3cc8e9-bd2f-386a-90e3-f17ef057aacb,Store,Algajola,20220,Haute-Corse,Corse,42.608405,8.860407
https://data.datatourisme.fr/13/0b356816-4108-3331-9bae-61559b8ce0a7,Store,Calvi,20260,Haute-Corse,Corse,42.563993,8.755962
https://data.datatourisme.fr/13/0b4367f3-eb4a-31bf-8269-c28f53b27322,HotelTrade,L'Île-Rousse,20220,Haute-Corse,Corse,42.632058,8.948708
https://data.datatourisme.fr/13/0bb6ede8-6969-3254-91b0-6031e8460f41,HotelTrade,Porto-Vecchio,20137,Corse-du-Sud,Corse,41.599784,9.284327
https://data.datatourisme.fr/13/0be99772-1c68-31c3-a79c-8c36295bd176,Store,L'Île-Rousse,20220,Haute-Corse,Corse,42.629105,8.938181
https://data.datatourisme.fr/13/0d036e2e-0473-3251-8e59-afee6bc744bc,LodgingBusiness,Porto-Vecchio,20137,Corse-du-Sud,Corse,41.539,9.2608
https://data.datatourisme.fr/13/0d13e201-b42c-3562-a3f7-8d01ecbfc3c2,CampingAndCaravanning,Lumio,20260,Haute-Corse,Corse,42.583916,8.822034
https://data.datatourisme.fr/13/0d4061a1-6f91-3eec-b2d0-8e935b5a504e,HolidayResort,Porto-Vecchio,20137,Corse-du-Sud,Corse,41.579225,9.33383
https://data.datatourisme.fr/13/0d87d3a5-032d-32d0-bb34-534409b80610,HolidayResort,Porto-Vecchio,20137,Corse-du-Sud,Corse,41.533,9.2719
https://data.datatourisme.fr/13/0dd9cc9c-42e8-36c9-8696-1d35a791e74a,SportsAndLeisurePlace,Porto-Vecchio,20137,Corse-du-Sud,Corse,41.525,9.2715
https://data.datatourisme.fr/13/0f27583e-906b-34b0-a2cb-7f9bd9bd0d2f,Store,Figari,20114,Corse-du-Sud,Corse,41.48755,9.115528
https://data.datatourisme.fr/13/0f42ad3b-4723-3ba4-989b-a8740bab7f13,HotelTrade,Calvi,20260,Haute-Corse,Corse,42.566253,8.756348
https://data.datatourisme.fr/13/0f487bc1-2691-317f-9dfe-e1c8f812158f,HotelTrade,Monticello,20220,Haute-Corse,Corse,42.627313,8.942948
https://data.datatourisme.fr/13/0f98987b-7382-3340-8c38-102cddaaad3a,FoodEstablishment,L'Île-Rousse,20220,Haute-Corse,Corse,42.635361,8.937289
https://data.datatourisme.fr/13/111cba22-4188-30b8-8479-4e020dcfb237,FoodEstablishment,Calvi,20260,Haute-Corse,Corse,42.567112,8.758682
https://data.datatourisme.fr/13/11dc3aee-fce9-3940-a670-ca8b18a3a313,Store,Porto-Vecchio,20137,Corse-du-Sud,Corse,41.591347,9.363683
https://data.datatourisme.fr/13/12957ca0-1236-3c83-ab06-30d9b45ef1be,FoodEstablishment,Calvi,20260,Haute-Corse,Corse,42.567389,8.758706
https://data.datatourisme.fr/13/1382e5fe-d4df-3ad4-8162-d9c341e4d0ed,Store,Lumio,20260,Haute-Corse,Corse,42.56326,8.84481
https://data.datatourisme.fr/13/13a1d585-6a94-37fb-a7a9-453b181bfe3e,SportsAndLeisurePlace,Porto-Vecchio,20137,Corse-du-Sud,Corse,41.549863,9.309703
https://data.datatourisme.fr/13/13e8d53f-e1c5-39c7-8b0e-c07d917e99f4,FoodEstablishment,L'Île-Rousse,20220,Haute-Corse,Corse,42.635783,8.93834
https://data.datatourisme.fr/13/1411b8c8-5fa9-3391-a00b-ac2c249e4201,FoodEstablishment,Calvi,20260,Haute-Corse,Corse,42.566181,8.757845
https://data.datatourisme.fr/13/1427abf8-03eb-39c6-9814-ee91ca9fc600,LodgingBusiness,Porto-Vecchio,20137,Corse-du-Sud,Corse,41.575535,9.29119
https://data.datatourisme.fr/13/142b24a0-ac33-3ee6-b711-e31ee1070b7f,CulturalSite,Porto-Vecchio,20137,Corse-du-Sud,Corse,41.591019,9.280627
https://data.datatourisme.fr/13/1560d8df-d8ae-3099-ba22-39c05d9a2a92,HotelTrade,L'Île-Rousse,20220,Haute-Corse,Corse,42.637489,8.933032
https://data.datatourisme.fr/13/156e37b8-e7c0-3caf-9e61-f208e9908684,Store,Calvi,20260,Haute-Corse,Corse,42.567541,8.759543
https://data.datatourisme.fr/13/163759ba-6a6e-33af-8be9-95d29d4cbb1e,HotelTrade,L'Île-Rousse,20220,Haute-Corse,Corse,42.635721,8.938504
https://data.datatourisme.fr/13/1680731a-475d-37af-957e-2b6f87881040,Store,Porto-Vecchio,20137,Corse-du-Sud,Corse,41.598,9.2639
https://data.datatourisme.fr/13/16c2edd4-73c3-3516-839a-d5854fbf4f60,FoodEstablishment,L'Île-Rousse,20220,Haute-Corse,Corse,42.633995,8.939356
https://data.datatourisme.fr/13/171f6579-2c51-39dc-8d8e-f408d6d831f9,Store,Porto-Vecchio,20137,Corse-du-Sud,Corse,41.548323,9.307772
https://data.datatourisme.fr/13/1763d623-1f2d-3a82-b9bf-eac1ef51ebf7,WalkingTour,Porto-Vecchio,20137,Corse-du-Sud,Corse,41.591386,9.278637
https://data.datatourisme.fr/13/1833d39f-f03d-3fe9-80cc-f7651dd26170,Store,Porto-Vecchio,20137,Corse-du-Sud,Corse,41.602759,9.285702
https://data.datatourisme.fr/13/18ab1f37-3eb3-3b53-a5ca-ac1245b2dc27,CulturalSite,Speloncato,20226,Haute-Corse,Corse,42.562039,8.981667
https://data.datatourisme.fr/13/1b5981be-d25c-31c8-96b0-d65ce26807cc,FoodEstablishment,Porto-Vecchio,20137,Corse-du-Sud,Corse,41.646,9.2674
https://data.datatourisme.fr/13/1b94da7f-68e7-3201-af87-766afd79e82c,Store,Furiani,20600,Haute-Corse,Corse,42.653673,9.442084
https://data.datatourisme.fr/13/1be0e064-ae75-30ed-807e-49ec5c8bb538,SportsAndLeisurePlace,Calvi,20260,Haute-Corse,Corse,42.565163,8.7567
https://data.datatourisme.fr/13/1c116d17-aedc-3c19-8e48-ff9f8678c07d,HolidayResort,Porto-Vecchio,20137,Corse-du-Sud,Corse,41.558466,9.314679
https://data.datatourisme.fr/13/1c2dfdaf-add6-3edb-a02d-27091427cdba,SportsAndLeisurePlace,Ota,20150,Corse-du-Sud,Corse,42.268319,8.694044
https://data.datatourisme.fr/13/1cf83a96-188b-399d-885a-5548da8638fd,CulturalSite,Lama,20218,Haute-Corse,Corse,42.576007,9.171611
https://data.datatourisme.fr/13/1d317cc9-dff2-3c54-9995-a58145ec4cad,CulturalSite,Monticello,20220,Haute-Corse,Corse,42.616495,8.953982
https://data.datatourisme.fr/13/1d416510-d4b1-3552-b723-1a543fbd57ff,FoodEstablishment,Calvi,20260,Haute-Corse,Corse,42.566784,8.749274
https://data.datatourisme.fr/13/1de6ea7c-e94f-34b5-9a70-6f699ed0b9f5,CampingAndCaravanning,Porto-Vecchio,20137,Corse-du-Sud,Corse,41.602,9.2672
https://data.datatourisme.fr/13/1e101471-7b01-3017-bb52-ec6c61737bc7,HolidayResort,Lecci,20137,Corse-du-Sud,Corse,41.637556,9.346176
https://data.datatourisme.fr/13/1eb722d7-5a3b-3362-be8d-00ac9f705480,SportsAndLeisurePlace,Ota,20150,Corse-du-Sud,Corse,42.266251,8.693779
https://data.datatourisme.fr/13/1f6e625b-bb80-3dcf-9d3d-c4a145d4e7f5,FoodEstablishment,Montegrosso,20214,Haute-Corse,Corse,42.535436,8.873982
https://data.datatourisme.fr/13/1f917c08-5f60-3d75-ab8d-1a54bf0688ac,SportsAndLeisurePlace,Speloncato,20226,Haute-Corse,Corse,42.604003,8.977359
https://data.datatourisme.fr/13/1fe0c379-f39a-3ddf-b96d-73b20522aca4,Store,Lecci,20137,Corse-du-Sud,Corse,41.638257,9.348769
https://data.datatourisme.fr/13/201e7651-abbd-321d-9b8b-a6accbd1996e,Store,Calvi,20260,Haute-Corse,Corse,42.569173,8.760564
https://data.datatourisme.fr/13/2063d655-776c-3c8e-acba-df10d3557b99,FoodEstablishment,Lecci,20137,Corse-du-Sud,Corse,41.637941,9.335778
https://data.datatourisme.fr/13/208845bd-9611-3f58-8b54-a9323c5b6d36,SportsCompetition,L'Île-Rousse,20220,Haute-Corse,Corse,42.634347,8.938119
https://data.datatourisme.fr/13/2185a9d7-066e-3482-bfd8-d56a3ad892cb,CulturalSite,Corbara,20220,Haute-Corse,Corse,42.615508,8.907482
https://data.datatourisme.fr/13/222b7ed4-78dd-39db-a294-697b2f222d52,SportsAndLeisurePlace,Palasca,20226,Haute-Corse,Corse,42.66,9.0584
https://data.datatourisme.fr/13/231c154e-888f-3421-aa09-2926a2ed7089,WalkingTour,Porto-Vecchio,20137,Corse-du-Sud,Corse,41.586854,9.290255
https://data.datatourisme.fr/13/23b0a9da-82cc-3257-ab04-43571d0bb966,FoodEstablishment,Calvi,20260,Haute-Corse,Corse,42.566772,8.758823
https://data.datatourisme.fr/13/23d4242f-2836-3a9d-8bc7-dc8660754a82,SportsAndLeisurePlace,Monticello,20220,Haute-Corse,Corse,42.612548,8.961793
https://data.datatourisme.fr/13/2492a664-cb8d-3d27-9b86-6485b2146bd2,SportsAndLeisurePlace,Calvi,20260,Haute-Corse,Corse,42.559432,8.750876
https://data.datatourisme.fr/13/24d8f50b-73e1-336a-b9bf-173609e43eef,HolidayResort,Calvi,20260,Haute-Corse,Corse,42.557256,8.75607
https://data.datatourisme.fr/13/24e7844a-d527-3b76-873d-df63a26085c9,CulturalSite,Nessa,20225,Haute-Corse,Corse,42.550123,8.948541
https://data.datatourisme.fr/13/25a19176-3582-38a1-8d6f-f4f8460df42a,CulturalSite,Urtaca,20218,Haute-Corse,Corse,42.594946,9.164439
https://data.datatourisme.fr/13/25a3779c-8f72-359a-8ff6-0473f18d7b2a,CulturalSite,Muro,20225,Haute-Corse,Corse,42.545394,8.913746
https://data.datatourisme.fr/13/25dd6d0b-1c22-33e2-bbdf-bc44f2d31cd6,SportsAndLeisurePlace,Porto-Vecchio,20137,Corse-du-Sud,Corse,41.591073,9.279736
https://data.datatourisme.fr/13/262ab102-dbe9-3201-92bb-1cd68808f47a,FoodEstablishment,Calvi,20260,Haute-Corse,Corse,42.567242,8.75874
https://data.datatourisme.fr/13/26d0a8e0-fbf4-3934-8fac-1b8338fd06d0,Store,Porto-Vecchio,20137,Corse-du-Sud,Corse,41.602513,9.26796
https://data.datatourisme.fr/13/27bd6834-3c88-3fb4-bff6-134a6889e190,FoodEstablishment,Santa-Reparata-di-Balagna,20220,Haute-Corse,Corse,42.604342,8.930222
https://data.datatourisme.fr/13/27c8c570-a8db-3df1-850f-69d3d87b6866,Store,Vivario,20219,Haute-Corse,Corse,42.082138,9.060722
https://data.datatourisme.fr/13/28422c87-8985-30d8-a2d3-4d645cca5bdc,HolidayResort,L'Île-Rousse,20220,Haute-Corse,Corse,42.629741,8.954928
https://data.datatourisme.fr/13/2adc3e32-2c68-3c9b-bf90-bd689fcc5aa0,FoodEstablishment,Porto-Vecchio,20137,Corse-du-Sud,Corse,41.624046,9.297304
https://data.datatourisme.fr/13/2b17c471-c0ec-3546-985b-8cfcfe942586,HotelTrade,Porto-Vecchio,20137,Corse-du-Sud,Corse,41.588458,9.286725
https://data.datatourisme.fr/13/2b5fb8a1-a2ef-38c9-adb0-9068da5905dd,CulturalSite,Olmi-Cappella,20259,Haute-Corse,Corse,42.528462,9.019768
https://data.datatourisme.fr/13/2bb2d533-0638-3e49-a7f9-daa0ac8907a7,CulturalSite,Novella,20226,Haute-Corse,Corse,42.585735,9.115394
https://data.datatourisme.fr/13/2c2d9192-686a-3afe-b405-e6e7c4bfb9e2,Store,Calvi,20260,Haute-Corse,Corse,42.567121,8.757742
https://data.datatourisme.fr/13/2c86c485-dee6-3eb5-8774-c859d286acc4,Store,Chisa,20240,Haute-Corse,Corse,41.924454,9.264773
https://data.datatourisme.fr/13/2ca73100-d924-3a7d-a264-ac6decdafc4f,ZooAnimalPark,Olmeta-di-Tuda,20232,Haute-Corse,Corse,42.623,9.3197
https://data.datatourisme.fr/13/2cba3294-8597-301d-8dd2-9e05b7869429,FoodEstablishment,Porto-Vecchio,20137,Corse-du-Sud,Corse,41.591392,9.279372
https://data.datatourisme.fr/13/2d402b7d-6bf8-35b0-ab2f-e48a08963bfa,FoodEstablishment,L'Île-Rousse,20220,Haute-Corse,Corse,42.634015,8.942262
https://data.datatourisme.fr/13/2e597d03-e140-3847-ab52-aad5eed57e1d,SportsAndLeisurePlace,Porto-Vecchio,20137,Corse-du-Sud,Corse,41.532755,9.271844
https://data.datatourisme.fr/13/2e8a2283-ead3-3774-b871-6a7412d8e96f,FoodEstablishment,Pigna,20220,Haute-Corse,Corse,42.59865,8.90326
https://data.datatourisme.fr/13/2f673072-6570-393a-be62-75d2ba52b4e7,CampingAndCaravanning,Porto-Vecchio,20137,Corse-du-Sud,Corse,41.57332,9.28991
https://data.datatourisme.fr/13/2f82a446-27e6-3bd2-a0a4-717ba2840b07,SportsAndLeisurePlace,Porto-Vecchio,20137,Corse-du-Sud,Corse,41.652522,9.193939
https://data.datatourisme.fr/13/2fa0aa04-d072-3da1-80eb-45a4d9ff7437,FoodEstablishment,Galéria,20245,Haute-Corse,Corse,42.396924,8.713245
https://data.datatourisme.fr/13/2fef1656-b313-3abf-84eb-54a0e7cd7e40,Store,Quenza,20122,Corse-du-Sud,Corse,41.794968,9.2288
https://data.datatourisme.fr/13/30c51114-388f-3a96-819c-d0addaf6fb55,CampingAndCaravanning,Calvi,20260,Haute-Corse,Corse,42.552492,8.756453
https://data.datatourisme.fr/13/31ce1cba-08ea-3727-b1df-0bf847a0a682,HotelTrade,L'Île-Rousse,20220,Haute-Corse,Corse,42.633454,8.939181
https://data.datatourisme.fr/13/323717aa-062f-3dd6-b47e-e19b6f7a24c6,ZooAnimalPark,Asco,20276,Haute-Corse,Corse,42.477812,9.138231
https://data.datatourisme.fr/13/32433c5a-561b-36b6-b516-fe0bb4a36705,HotelTrade,Algajola,20220,Haute-Corse,Corse,42.608509,8.874985
https://data.datatourisme.fr/13/3248d698-3656-3019-a78b-970457567a42,SportsAndLeisurePlace,Bonifacio,20169,Corse-du-Sud,Corse,41.38927,9.162383
https://data.datatourisme.fr/13/327821ee-aa9c-37c6-b191-8605772d31b3,CulturalSite,Porto-Vecchio,20137,Corse-du-Sud,Corse,41.560031,9.242944
https://data.datatourisme.fr/13/330198bd-06f5-30dc-bc10-2d7a782a2d3d,FoodEstablishment,Calvi,20260,Haute-Corse,Corse,42.566,8.758
https://data.datatourisme.fr/13/334d74e9-cdd5-3dc9-adc3-86a679ab0448,Store,Porto-Vecchio,20137,Corse-du-Sud,Corse,41.579451,9.274857
https://data.datatourisme.fr/13/336c9c33-ee61-306d-ad41-f5292147421d,FoodEstablishment,Porto-Vecchio,20137,Corse-du-Sud,Corse,41.614,9.2796
https://data.datatourisme.fr/13/33adbfa3-3c7c-3167-83f0-6c156d423493,HotelTrade,Monticello,20220,Haute-Corse,Corse,42.612201,8.958262
https://data.datatourisme.fr/13/349035be-14a8-3464-bdc0-da80ec546a8b,Tour,Galéria,20245,Haute-Corse,Corse,42.419038,8.658863
https://data.datatourisme.fr/13/34ab18f3-569e-389e-b30c-033d2684272f,CulturalSite,Costa,20226,Haute-Corse,Corse,42.574916,9.001945
https://data.datatourisme.fr/13/352d7641-8cf8-39c4-8141-51c27d80acee,HotelTrade,Monticello,20220,Haute-Corse,Corse,42.629966,8.946202
https://data.datatourisme.fr/13/358e02bc-dca7-317a-aaf8-bb0b0dd164f8,Store,Porto-Vecchio,20137,Corse-du-Sud,Corse,41.589722,9.283163
https://data.datatourisme.fr/13/359c6b01-9789-35a7-8fd0-3fdac7f9a392,WalkingTour,Porto-Vecchio,20137,Corse-du-Sud,Corse,41.591983,9.278853
https://data.datatourisme.fr/13/35aec0da-0eef-31b3-8080-5267f242fa6f,HotelTrade,Galéria,20245,Haute-Corse,Corse,42.411585,8.682825
https://data.datatourisme.fr/13/36b54936-8e2e-3f00-973c-b961ee6681c4,Transporter,Calvi,20260,Haute-Corse,Corse,42.568,8.7586
https://data.datatourisme.fr/13/3705cbb8-e954-3d6e-9bf2-9229eefb41a9,HotelTrade,Calvi,20260,Haute-Corse,Corse,42.563826,8.75423
https://data.datatourisme.fr/13/374eca78-f020-34fa-9f05-d2abc87257ab,CulturalSite,Porto-Vecchio,20137,Corse-du-Sud,Corse,41.590895,9.280453
https://data.datatourisme.fr/13/38129a77-fd8d-3fbf-afb1-090da4ffdc03,Store,Calvi,20260,Haute-Corse,Corse,42.555186,8.761413
https://data.datatourisme.fr/13/381ce536-a049-3d64-9d3a-0ec1e54d515f,FoodEstablishment,Porto-Vecchio,20137,Corse-du-Sud,Corse,41.590634,9.278897
https://data.datatourisme.fr/13/3831409f-42d5-336d-9931-e5bfc341f7bb,HotelTrade,Calvi,20260,Haute-Corse,Corse,42.566099,8.756323
https://data.datatourisme.fr/13/390c0e3e-fc1b-340c-9b71-30e4aafb550a,SportsAndLeisurePlace,Ota,20150,Corse-du-Sud,Corse,42.268743,8.693389
https://data.datatourisme.fr/13/394a01f1-311d-3759-a30c-2b8be47af3ad,FoodEstablishment,Calvi,20260,Haute-Corse,Corse,42.566181,8.757845
https://data.datatourisme.fr/13/398c9205-63cb-3114-9bd1-eac4ab0c9226,Store,Saint-Florent,20217,Haute-Corse,Corse,42.67424,9.291107
https://data.datatourisme.fr/13/3a003a83-4614-3817-bebf-0571e193519b,Store,Calacuccia,20224,Haute-Corse,Corse,42.334997,9.025926
https://data.datatourisme.fr/13/3a04cd49-2e8e-396d-be90-3c678de4c278,FoodEstablishment,L'Île-Rousse,20220,Haute-Corse,Corse,42.633925,8.937766
https://data.datatourisme.fr/13/3ad2d1db-3968-342a-8265-49a22836f625,FoodEstablishment,Pioggiola,20259,Haute-Corse,Corse,42.54978,9.005445
https://data.datatourisme.fr/13/3b44ad92-078e-3fe7-aaa1-b420e1aa2232,Store,Sant'Antonino,20220,Haute-Corse,Corse,42.5893,8.906394
https://data.datatourisme.fr/13/3b4a56a0-6afe-3406-b0f9-078d244c7f71,FoodEstablishment,Figari,20114,Corse-du-Sud,Corse,41.545771,9.120277
https://data.datatourisme.fr/13/3ba4a405-7b63-31c9-9077-2b93f0f703c9,FoodEstablishment,L'Île-Rousse,20220,Haute-Corse,Corse,42.63609,8.937731
https://data.datatourisme.fr/13/3be2f4fb-fe4e-342e-9c0c-d4404b913312,Store,Calvi,20260,Haute-Corse,Corse,42.562426,8.756295
https://data.datatourisme.fr/13/3c44503f-33f9-3825-86eb-004b884153ff,SportsAndLeisurePlace,Calvi,20260,Haute-Corse,Corse,42.565196,8.756928
https://data.datatourisme.fr/13/3c4574f5-3073-3351-a17e-0a907262c10d,Store,Porto-Vecchio,20137,Corse-du-Sud,Corse,41.596315,9.27968
https://data.datatourisme.fr/13/3ca7be2d-df27-342c-8107-f8e516061ae7,SportsAndLeisurePlace,Lumio,20260,Haute-Corse,Corse,42.562888,8.804911
https://data.datatourisme.fr/13/3cb69285-4c33-3857-a4db-0152081a458f,CampingAndCaravanning,Porto-Vecchio,20137,Corse-du-Sud,Corse,41.589251,9.331112
https://data.datatourisme.fr/13/3cd0b010-d3c2-3650-855e-1c76082bf8d7,HotelTrade,Porto-Vecchio,20137,Corse-du-Sud,Corse,41.592139,9.309837
https://data.datatourisme.fr/13/3ce3797c-3992-39f2-8f2c-ef6606341042,SportsAndLeisurePlace,Casaglione,20111,Corse-du-Sud,Corse,42.066179,8.737414
https://data.datatourisme.fr/13/3d196c21-90f6-32d7-bb8a-d89796b18b0c,TastingProvider,Figari,20114,Corse-du-Sud,Corse,41.544567,9.116699
https://data.datatourisme.fr/13/3d8d05d3-12ac-355c-b28f-7c7912daf650,FoodEstablishment,Calvi,20260,Haute-Corse,Corse,42.566043,8.757552
https://data.datatourisme.fr/13/3ddebeb2-577a-3b5f-8b44-34ce8ba9eed2,Store,Santo-Pietro-di-Tenda,20217,Haute-Corse,Corse,42.661596,9.236916
https://data.datatourisme.fr/13/3e7c00eb-209c-30bf-9432-51e0c74ca732,FoodEstablishment,Calenzana,20214,Haute-Corse,Corse,42.507866,8.854438
https://data.datatourisme.fr/13/3f1d6ca4-c790-3687-8a85-56b4baff0d23,WalkingTour,Monacia-d'Aullène,20171,Corse-du-Sud,Corse,41.512668,9.010952
https://data.datatourisme.fr/13/3f2ccfa0-dcab-3f37-a3e2-0343d8934ab7,Store,Porto-Vecchio,20137,Corse-du-Sud,Corse,41.659,9.1944
https://data.datatourisme.fr/13/3f59c4d8-e0e5-39fa-b41d-c828c4e29e7e,HolidayResort,Porto-Vecchio,20137,Corse-du-Sud,Corse,41.535,9.2625
https://data.datatourisme.fr/13/405c8fa3-605d-3871-ad95-593c6fe2cd80,HotelTrade,Porto-Vecchio,20137,Corse-du-Sud,Corse,41.595181,9.284643
https://data.datatourisme.fr/13/41309f3c-cbfd-3856-bd1e-a83f57681dc6,FoodEstablishment,Porto-Vecchio,20137,Corse-du-Sud,Corse,41.6,9.3342
https://data.datatourisme.fr/13/422b8cbd-d07b-3499-aeac-d7c2a38229e0,FoodEstablishment,Porto-Vecchio,20137,Corse-du-Sud,Corse,41.645,9.176
https://data.datatourisme.fr/13/427f01ed-42e0-3d76-95e3-d205d642bd77,FoodEstablishment,Porto-Vecchio,20137,Corse-du-Sud,Corse,41.590972,9.279976
https://data.datatourisme.fr/13/42a2d795-15c1-37ad-aa72-da9837f0455d,HolidayResort,Porto-Vecchio,20137,Corse-du-Sud,Corse,41.542769,9.281129
https://data.datatourisme.fr/13/42bf69bf-d2de-37f7-a17d-3b3b4489d6ab,SportsAndLeisurePlace,Calvi,20260,Haute-Corse,Corse,42.568,8.7596
https://data.datatourisme.fr/13/4313089d-ed8d-3563-a8c9-44839ed28ec9,Store,Porto-Vecchio,20137,Corse-du-Sud,Corse,41.531835,9.276207
https://data.datatourisme.fr/13/431d9d97-9798-36db-90c4-a9200eff4494,Store,Lecci,20137,Corse-du-Sud,Corse,41.634738,9.346882
https://data.datatourisme.fr/13/441fa178-3ed4-3458-80a7-e2b71dcd717c,Store,Cateri,20225,Haute-Corse,Corse,42.57103,8.892732
https://data.datatourisme.fr/13/4441e409-74b0-3ed3-8fc1-0c065d96e36a,SportsAndLeisurePlace,Lecci,20137,Corse-du-Sud,Corse,41.620128,9.331364
https://data.datatourisme.fr/13/446954ea-3be4-3044-9523-10e8af896194,Store,Porto-Vecchio,20137,Corse-du-Sud,Corse,41.591,9.2837
https://data.datatourisme.fr/13/44e65ed8-31e3-3afb-8e8c-f90a6d6c6649,HotelTrade,Calvi,20260,Haute-Corse,Corse,42.568301,8.757606
https://data.datatourisme.fr/13/4509e1a6-404e-33b0-9b9e-c36cbc95e52a,FoodEstablishment,L'Île-Rousse,20220,Haute-Corse,Corse,42.642169,8.937195
https://data.datatourisme.fr/13/45d65621-44e2-3c43-aae4-a22c37593165,TastingProvider,Porto-Vecchio,20137,Corse-du-Sud,Corse,41.489638,9.131607
https://data.datatourisme.fr/13/4636af74-cc9a-3d32-9cff-ee72c67d67e8,Store,L'Île-Rousse,20220,Haute-Corse,Corse,42.633765,8.940127
https://data.datatourisme.fr/13/46d10565-85b7-3d18-8277-6bd7f3532a7a,Store,Quenza,20122,Corse-du-Sud,Corse,41.781592,9.143549
https://data.datatourisme.fr/13/473f9d13-2a11-3e2c-a6b8-d3d37d0577f7,Store,Calvi,20260,Haute-Corse,Corse,42.565101,8.756346
https://data.datatourisme.fr/13/476bf341-a435-30cd-8a96-ec8e4e1fecea,LodgingBusiness,Lecci,20137,Corse-du-Sud,Corse,41.644621,9.332711
https://data.datatourisme.fr/13/4811b71f-4e18-3be4-9e4d-8bd961c40e08,Store,Bonifacio,20169,Corse-du-Sud,Corse,41.390424,9.165386
https://data.datatourisme.fr/13/48281525-3b62-3203-8c56-79eb7f42eec7,Store,Calvi,20260,Haute-Corse,Corse,42.567541,8.759543
https://data.datatourisme.fr/13/4866a1a0-0add-3d73-a1d4-0731511f4792,SportsAndLeisurePlace,Porto-Vecchio,20137,Corse-du-Sud,Corse,41.591235,9.283752
https://data.datatourisme.fr/13/48798c51-bc2f-3329-85da-6ae16ca7756c,LodgingBusiness,Belgodère,20226,Haute-Corse,Corse,42.63246,9.021305
https://data.datatourisme.fr/13/488b5cd4-9a05-3f50-89df-0e68921b8a9f,CulturalSite,Mausoléo,20259,Haute-Corse,Corse,42.52064,9.007927
https://data.datatourisme.fr/13/48b13998-8bb4-3acd-aceb-870bf92fed89,ReligiousSite,Calenzana,20214,Haute-Corse,Corse,42.508316,8.855248
https://data.datatourisme.fr/13/48b71285-8ff5-3e06-938b-2cc6ecccd2de,Store,Saint-Florent,20217,Haute-Corse,Corse,42.672902,9.298082
https://data.datatourisme.fr/13/49ba87d6-fec7-3af9-9a67-a600fa2653be,HolidayResort,Lecci,20137,Corse-du-Sud,Corse,41.637925,9.338899
https://data.datatourisme.fr/13/4a887623-187c-30fd-8637-d97c06a87881,FoodEstablishment,Porto-Vecchio,20137,Corse-du-Sud,Corse,41.591,9.2795
https://data.datatourisme.fr/13/4ab24785-6ab9-3e8d-a3aa-878b49a94d23,TastingProvider,Figari,20114,Corse-du-Sud,Corse,41.531773,9.155482
https://data.datatourisme.fr/13/4b07de87-7314-31cd-a968-0cf454cd6a2d,CulturalSite,Feliceto,20225,Haute-Corse,Corse,42.544049,8.934371
https://data.datatourisme.fr/13/4c62cb12-33af-3646-b4b2-f00e238ab2af,SportsAndLeisurePlace,Calvi,20260,Haute-Corse,Corse,42.537337,8.803032
https://data.datatourisme.fr/13/4cc51caf-61b9-38ad-89e3-23cf4eba1369,HotelTrade,Calvi,20260,Haute-Corse,Corse,42.568729,8.75694
https://data.datatourisme.fr/13/4d36c3b6-9db4-3ce0-8bd2-90293dab3ff1,CampingAndCaravanning,Porto-Vecchio,20137,Corse-du-Sud,Corse,41.595187,9.274362
https://data.datatourisme.fr/13/4d3a7e36-f37f-3114-9fe2-fc741961a103,FoodEstablishment,Porto-Vecchio,20137,Corse-du-Sud,Corse,41.590076,9.277469
https://data.datatourisme.fr/13/4dcc86d2-5f7f-3bac-80b1-bfae46b2dae0,HotelTrade,Pigna,20220,Haute-Corse,Corse,42.599914,8.902531
https://data.datatourisme.fr/13/4e71abad-a5a5-3d60-899f-dc433e25b2af,FoodEstablishment,Porto-Vecchio,20137,Corse-du-Sud,Corse,41.592,9.2802
https://data.datatourisme.fr/13/4e80ff17-595a-3521-990b-556ea605d10a,Store,Lecci,20137,Corse-du-Sud,Corse,41.638703,9.345573
https://data.datatourisme.fr/13/4eb5186f-74f3-3b02-9c7b-a15a3f7e1add,Store,Calvi,20260,Haute-Corse,Corse,42.567538,8.759561
https://data.datatourisme.fr/13/4f6eb124-bc4b-30e1-b24a-cc4ea1c9c63b,LodgingBusiness,Porto-Vecchio,20137,Corse-du-Sud,Corse,41.631859,9.281451
https://data.datatourisme.fr/13/4f779cbc-ef98-378a-8464-0b525d98c058,SportsAndLeisurePlace,Porto-Vecchio,20137,Corse-du-Sud,Corse,41.591196,9.283819
https://data.datatourisme.fr/13/5016138c-9227-3031-8423-b03c0b81e6b5,CulturalSite,Pigna,20220,Haute-Corse,Corse,42.599403,8.902716
https://data.datatourisme.fr/13/50429798-a885-3cd8-95b8-da80880e00b6,LodgingBusiness,Porto-Vecchio,20137,Corse-du-Sud,Corse,41.592,9.2707
https://data.datatourisme.fr/13/504b5a92-66f3-363c-8acc-95f23f979449,SportsAndLeisurePlace,Calvi,20260,Haute-Corse,Corse,42.565604,8.757349
https://data.datatourisme.fr/13/505cd482-03b6-33f6-aee0-c02b1e691f90,CulturalSite,Porto-Vecchio,20137,Corse-du-Sud,Corse,41.59184,9.280309
https://data.datatourisme.fr/13/50f9cb18-1574-3b54-a730-de910a56e24a,Store,Calvi,20260,Haute-Corse,Corse,42.542586,8.798582
https://data.datatourisme.fr/13/51ae6444-a299-3710-963e-8720d0885021,SportsAndLeisurePlace,Porto-Vecchio,20137,Corse-du-Sud,Corse,41.59132,9.283183
https://data.datatourisme.fr/13/52675030-6c98-3f24-acff-3f04d1ebf76a,FoodEstablishment,Belgodère,20226,Haute-Corse,Corse,42.637981,9.022594
https://data.datatourisme.fr/13/527945b4-a291-367d-833e-96ff6d378441,FoodEstablishment,Pigna,20220,Haute-Corse,Corse,42.599212,8.90186
https://data.datatourisme.fr/13/536a3a04-064e-3112-97b6-ec96431db3ea,HotelTrade,Lama,20218,Haute-Corse,Corse,42.575048,9.171653
https://data.datatourisme.fr/13/5389465f-0fe0-3652-a82f-3ff0fc35c310,HolidayResort,Porto-Vecchio,20137,Corse-du-Sud,Corse,41.595387,9.270487
https://data.datatourisme.fr/13/5435b940-d400-3ab9-8842-75e7b3457818,HotelTrade,Lecci,20137,Corse-du-Sud,Corse,41.638498,9.346679
https://data.datatourisme.fr/13/5459c52c-416c-36fc-87cc-8cb6349efe92,FoodEstablishment,L'Île-Rousse,20220,Haute-Corse,Corse,42.636188,8.938003
https://data.datatourisme.fr/13/55092da4-4ea4-37b2-a8fd-1f615da4f575,EntertainmentAndEvent,Calvi,20260,Haute-Corse,Corse,42.565115,8.756351
https://data.datatourisme.fr/13/5548412f-d685-38fc-8d50-fc85d22cf80b,Store,Porto-Vecchio,20137,Corse-du-Sud,Corse,41.591,9.278
https://data.datatourisme.fr/13/558de37f-8761-3932-a327-368686999675,SportsAndLeisurePlace,Calvi,20260,Haute-Corse,Corse,42.565077,8.756335
https://data.datatourisme.fr/13/56882c1e-d787-30e7-bafd-a2527fd2caf1,SportsAndLeisurePlace,Calvi,20260,Haute-Corse,Corse,42.566115,8.757794
https://data.datatourisme.fr/13/5730d0f7-ddf5-3d62-a564-3a336f9feaa3,SportsAndLeisurePlace,Pianottoli-Caldarello,20131,Corse-du-Sud,Corse,41.460968,9.046606
https://data.datatourisme.fr/13/5769d5ca-dd8f-3858-870b-fa125a6a01b4,CampingAndCaravanning,Calvi,20260,Haute-Corse,Corse,42.554369,8.790298
https://data.datatourisme.fr/13/57b9474b-28fb-3783-9842-209337f62b18,FoodEstablishment,Calvi,20260,Haute-Corse,Corse,42.566,8.7569
https://data.datatourisme.fr/13/57d02eed-7fe9-33d3-a965-adf64869c329,HotelTrade,Monticello,20220,Haute-Corse,Corse,42.633572,8.962044
https://data.datatourisme.fr/13/58c363a9-34cc-3767-9d8c-e924eb0b7ae1,HotelTrade,Belgodère,20226,Haute-Corse,Corse,42.627259,9.011729
https://data.datatourisme.fr/13/58e89788-045f-3205-8262-4e41350f4611,SportsAndLeisurePlace,Bonifacio,20169,Corse-du-Sud,Corse,41.468379,9.266488
https://data.datatourisme.fr/13/59cbd2ac-7ccd-3b5b-92b5-18f5baf317bf,Transport,Galéria,20245,Haute-Corse,Corse,42.414838,8.643708
https://data.datatourisme.fr/13/5a1803c1-46c3-3328-90db-b516f1df517b,CampingAndCaravanning,Porto-Vecchio,20137,Corse-du-Sud,Corse,41.588102,9.334652
https://data.datatourisme.fr/13/5a42304e-ad19-3ca6-a476-240d9ec4942e,District,Porto-Vecchio,20137,Corse-du-Sud,Corse,41.591583,9.280253
https://data.datatourisme.fr/13/5a87fa6e-3985-3028-9f4b-a79398b1a93a,HotelTrade,Calvi,20260,Haute-Corse,Corse,42.558387,8.756436
https://data.datatourisme.fr/13/5b2f4814-6a78-39ac-83f8-ecc5b0c0529e,TastingProvider,Lecci,20137,Corse-du-Sud,Corse,41.680216,9.334491
https://data.datatourisme.fr/13/5ba507ee-ae88-3462-8bd5-07e6e0263458,CulturalSite,Porto-Vecchio,20137,Corse-du-Sud,Corse,41.591567,9.279135
https://data.datatourisme.fr/13/5c253b16-fbfe-3013-b03f-4f0256a146fc,FoodEstablishment,Porto-Vecchio,20137,Corse-du-Sud,Corse,41.593279,9.283872
https://data.datatourisme.fr/13/5c448066-a249-391e-a6be-9cdacebbf771,FoodEstablishment,Galéria,20245,Haute-Corse,Corse,42.412981,8.648089
https://data.datatourisme.fr/13/5c4cd768-41d5-3e93-896f-ac146b845d35,FoodEstablishment,Palasca,20226,Haute-Corse,Corse,42.651478,9.079814
https://data.datatourisme.fr/13/5e08a9e2-7e38-3a12-99e2-3aec0c7b783b,FoodEstablishment,Porto-Vecchio,20137,Corse-du-Sud,Corse,41.525,9.2715
https://data.datatourisme.fr/13/5eb622e9-dfe0-3f40-945c-fb67a0ec47b6,HolidayResort,Lecci,20137,Corse-du-Sud,Corse,41.661749,9.322202
https://data.datatourisme.fr/13/5fe1eb10-9591-33a7-9167-cfd967dd3366,FoodEstablishment,L'Île-Rousse,20220,Haute-Corse,Corse,42.633535,8.945521
https://data.datatourisme.fr/13/6019605e-b136-3eb6-a35e-d13137296981,Store,Porto-Vecchio,20137,Corse-du-Sud,Corse,41.576,9.2739
https://data.datatourisme.fr/13/602360d0-a517-3cb0-8f93-eb7ee4d4258e,SportsAndLeisurePlace,Calvi,20260,Haute-Corse,Corse,42.565163,8.7567
https://data.datatourisme.fr/13/605fb407-f43c-337c-bd22-3505ec7520cf,Store,Lecci,20137,Corse-du-Sud,Corse,41.666224,9.310963
https://data.datatourisme.fr/13/607c94f7-8fdf-3fe4-9082-791f8e3fe55a,FoodEstablishment,Calvi,20260,Haute-Corse,Corse,42.567218,8.757295
https://data.datatourisme.fr/13/60955c06-03b2-3f6e-8be1-2fcc595f28ff,Store,Porto-Vecchio,20137,Corse-du-Sud,Corse,41.594,9.1922
https://data.datatourisme.fr/13/60be0db6-04ba-35ec-a940-fa89b7c1eacd,HotelTrade,L'Île-Rousse,20220,Haute-Corse,Corse,42.631959,8.932295
https://data.datatourisme.fr/13/61684574-4ec9-35b7-b75f-e05202eba837,FoodEstablishment,L'Île-Rousse,20220,Haute-Corse,Corse,42.634725,8.9376
https://data.datatourisme.fr/13/61a9c321-4bf0-3446-8023-42c97bf765e9,Store,Lumio,20260,Haute-Corse,Corse,42.577168,8.835427
https://data.datatourisme.fr/13/6204fca2-9fe0-37b0-8d76-cc4b976a9b4e,SportsAndLeisurePlace,Belgodère,20226,Haute-Corse,Corse,42.641,9.0139
https://data.datatourisme.fr/13/6245130e-aa09-3763-a988-e09ae191ee25,Store,Bonifacio,20169,Corse-du-Sud,Corse,41.389554,9.163903
https://data.datatourisme.fr/13/62cc6ede-07e3-32d8-b858-279f6595040a,Store,L'Île-Rousse,20220,Haute-Corse,Corse,42.634715,8.939169
https://data.datatourisme.fr/13/62ce615c-9782-3a03-a768-a28f7a171ccb,HolidayResort,Lumio,20260,Haute-Corse,Corse,42.576678,8.808554
https://data.datatourisme.fr/13/63186e96-6c0f-3a01-91a0-00e771bf6f1a,FoodEstablishment,L'Île-Rousse,20220,Haute-Corse,Corse,42.634989,8.938181
https://data.datatourisme.fr/13/637ceeff-f81e-3c60-bd32-236be0459fe5,FoodEstablishment,L'Île-Rousse,20220,Haute-Corse,Corse,42.63503,8.937865
https://data.datatourisme.fr/13/63f8c593-eb14-349f-8e1a-faf34a6d93e1,FoodEstablishment,Lecci,20137,Corse-du-Sud,Corse,41.63139,9.346045
https://data.datatourisme.fr/13/641b744f-b35a-30ad-9604-3b3d2871010c,SportsAndLeisurePlace,Porto-Vecchio,20137,Corse-du-Sud,Corse,41.591196,9.283819
https://data.datatourisme.fr/13/644dd905-7153-3925-b4cb-ac462630fc5a,ReligiousSite,Corbara,20220,Haute-Corse,Corse,42.615232,8.906988
https://data.datatourisme.fr/13/64a1d7aa-66f6-3032-b229-64c415bdbce5,HotelTrade,Porto-Vecchio,20137,Corse-du-Sud,Corse,41.593,9.2785
https://data.datatourisme.fr/13/64b4ed91-715b-3326-9558-34bee09c9a5c,Store,L'Île-Rousse,20220,Haute-Corse,Corse,42.636636,8.937728
https://data.datatourisme.fr/13/64e2729c-a469-3d3b-9990-27d228640087,Store,L'Île-Rousse,20220,Haute-Corse,Corse,42.64095,8.936204
https://data.datatourisme.fr/13/65359432-82c8-36ee-a3f0-f412261ed6e5,HolidayResort,Calvi,20260,Haute-Corse,Corse,42.563953,8.742781
https://data.datatourisme.fr/13/6585dda6-9f64-3a90-9915-975aefe82d8c,FoodEstablishment,Porto-Vecchio,20137,Corse-du-Sud,Corse,41.531603,9.274132
https://data.datatourisme.fr/13/65b11686-0789-3590-ade5-3847162aa9c9,Store,Calvi,20260,Haute-Corse,Corse,42.565096,8.756323
https://data.datatourisme.fr/13/660563b4-ab93-3766-8c74-9f3e13f4239e,Store,Occhiatana,20226,Haute-Corse,Corse,42.574614,9.009592
https://data.datatourisme.fr/13/6687629b-7db5-3d29-9099-3437931e8c82,HotelTrade,Figari,20114,Corse-du-Sud,Corse,41.531869,9.15531
https://data.datatourisme.fr/13/66b6eb60-d308-314b-8002-66fddc925f17,Store,Porto-Vecchio,20137,Corse-du-Sud,Corse,41.560401,9.332299
https://data.datatourisme.fr/13/66cf0946-bdcc-3841-991f-e394f68d7204,District,Porto-Vecchio,20137,Corse-du-Sud,Corse,41.591655,9.278849
https://data.datatourisme.fr/13/66eb134c-fb35-3bd6-8e69-598d20ba0fdd,Store,Lecci,20137,Corse-du-Sud,Corse,41.638077,9.347491
https://data.datatourisme.fr/13/671c1128-3245-39e6-b2fb-1a4edc7b8fe7,FoodEstablishment,Sotta,20146,Corse-du-Sud,Corse,41.545,9.1962
https://data.datatourisme.fr/13/67672c80-bfd2-39b2-bf43-575dd094a6b6,SportsAndLeisurePlace,Lecci,20137,Corse-du-Sud,Corse,41.632348,9.345355
https://data.datatourisme.fr/13/67c36de7-d88f-39c1-81ff-fe839c61cd9c,FoodEstablishment,Lecci,20137,Corse-du-Sud,Corse,41.666977,9.30719
https://data.datatourisme.fr/13/67d6a796-a60f-3ae4-95ee-6756130501b3,SportsAndLeisurePlace,Calvi,20260,Haute-Corse,Corse,42.562343,8.756381
https://data.datatourisme.fr/13/67dd2a9f-c6b8-36a8-b7a5-70e1d372c4f2,Store,Porto-Vecchio,20137,Corse-du-Sud,Corse,41.590104,9.279588
https://data.datatourisme.fr/13/683efddb-9d18-377d-aec7-09ab9782f17d,FoodEstablishment,L'Île-Rousse,20220,Haute-Corse,Corse,42.635979,8.938314
https://data.datatourisme.fr/13/68466bce-cbe1-3326-a300-71492d11a804,CampingAndCaravanning,Porto-Vecchio,20137,Corse-du-Sud,Corse,41.573,9.2911
https://data.datatourisme.fr/13/690fe9b1-a708-3b40-b9fc-ce0426bb5482,SquashCourt,L'Île-Rousse,20220,Haute-Corse,Corse,42.627554,8.92696
https://data.datatourisme.fr/13/69448fe8-e3d3-3534-8b63-6877d97f700a,FoodEstablishment,Calvi,20260,Haute-Corse,Corse,42.566872,8.758928
https://data.datatourisme.fr/13/69f7968b-858e-333e-860c-8fe904566bf7,FoodEstablishment,Lecci,20137,Corse-du-Sud,Corse,41.680092,9.318461
https://data.datatourisme.fr/13/6a7f705c-2164-3b62-8578-fed40102c355,FoodEstablishment,Lecci,20137,Corse-du-Sud,Corse,41.620784,9.33265
https://data.datatourisme.fr/13/6b5d20fd-015a-3bb7-9774-a9fe33a4ead3,ThemePark,Porto-Vecchio,20137,Corse-du-Sud,Corse,41.577,9.2681
https://data.datatourisme.fr/13/6b621e4f-b12b-31b2-a2df-0e845bcdd923,Store,Algajola,20220,Haute-Corse,Corse,42.607953,8.86766
https://data.datatourisme.fr/13/6ba42ec2-7785-36b2-95d2-f028680051a4,LodgingBusiness,Porto-Vecchio,20137,Corse-du-Sud,Corse,41.596278,9.280712
https://data.datatourisme.fr/13/6ba7d661-dd6c-34c6-84c5-e3589a408831,FoodEstablishment,L'Île-Rousse,20220,Haute-Corse,Corse,42.634734,8.937573
https://data.datatourisme.fr/13/6be71a5e-0ab1-3258-81ad-72002c44da68,FoodEstablishment,L'Île-Rousse,20220,Haute-Corse,Corse,42.634729,8.937844
https://data.datatourisme.fr/13/6c41ba90-5910-3ea2-8ad4-75d07b9ce337,FoodEstablishment,Calvi,20260,Haute-Corse,Corse,42.565401,8.756932
https://data.datatourisme.fr/13/6cc5a979-c003-3cdf-a8ee-dc07f5ad729e,HotelTrade,Calvi,20260,Haute-Corse,Corse,42.5372,8.785338
https://data.datatourisme.fr/13/6d5d30c4-f7d7-3d07-9459-65e917a9d018,Store,Porto-Vecchio,20137,Corse-du-Sud,Corse,41.53151,9.274974
https://data.datatourisme.fr/13/6d5fdc7b-5eed-3a60-af82-22ae383a4199,FoodEstablishment,Porto-Vecchio,20137,Corse-du-Sud,Corse,41.644497,9.266249
https://data.datatourisme.fr/13/6de8dd9a-f534-3861-9e2e-52effed64b56,ReligiousSite,Corbara,20220,Haute-Corse,Corse,42.603079,8.91216
https://data.datatourisme.fr/13/6e51970b-1b08-3191-b2df-777734832729,Store,Calvi,20260,Haute-Corse,Corse,42.532669,8.790982
https://data.datatourisme.fr/13/6e5a3f80-2f7d-353c-91b6-55fab8c7b12c,WalkingTour,Porto-Vecchio,20137,Corse-du-Sud,Corse,41.552777,9.312651
https://data.datatourisme.fr/13/6f88988f-e79e-3e29-a305-a36b56a395cb,FoodEstablishment,Calvi,20260,Haute-Corse,Corse,42.554149,8.771564
https://data.datatourisme.fr/13/6fbbdd19-1a94-3fb8-af08-83f9f9aec8d4,Store,Calvi,20260,Haute-Corse,Corse,42.546863,8.758177
https://data.datatourisme.fr/13/70250137-d096-3fb9-879e-cc0cc78a4f9a,CulturalSite,Porto-Vecchio,20137,Corse-du-Sud,Corse,41.552136,9.230978
https://data.datatourisme.fr/13/70bd86b3-8520-365d-b1a5-209aa23b691e,CulturalSite,Pioggiola,20259,Haute-Corse,Corse,42.534579,8.99765
https://data.datatourisme.fr/13/713fd1e9-a1c9-3481-be0d-5cd594153b74,HotelTrade,Porto-Vecchio,20137,Corse-du-Sud,Corse,41.597303,9.277991
https://data.datatourisme.fr/13/717bf149-f041-38b2-880a-df6238e5141d,CulturalSite,Occhiatana,20226,Haute-Corse,Corse,42.574614,9.009592
https://data.datatourisme.fr/13/717f2a04-bf10-3fa1-9c70-cdd001369b70,EntertainmentAndEvent,Calvi,20260,Haute-Corse,Corse,42.568148,8.76038
https://data.datatourisme.fr/13/7297ba7a-c1a3-360d-8d87-32ef5a1ffa8c,SportsAndLeisurePlace,Figari,20114,Corse-du-Sud,Corse,41.502335,9.098381
https://data.datatourisme.fr/13/734e9e09-f8a7-34dc-bf77-6869f4c45491,CampingAndCaravanning,Calvi,20260,Haute-Corse,Corse,42.552348,8.764396
https://data.datatourisme.fr/13/73d99e44-a334-3dda-992d-05b36d7c80e9,Store,Corte,20250,Haute-Corse,Corse,42.30551,9.151003
https://data.datatourisme.fr/13/7417d71d-39a1-33bc-88ff-b1522f0abb18,CampingAndCaravanning,Calvi,20260,Haute-Corse,Corse,42.556613,8.755347
https://data.datatourisme.fr/13/7469b79f-1c49-351e-8cb0-d1fa97718332,Store,Porto-Vecchio,20137,Corse-du-Sud,Corse,41.613,9.2849
https://data.datatourisme.fr/13/74bc336b-df5b-3089-8560-03e5f5e93e89,Store,Calvi,20260,Haute-Corse,Corse,42.567,8.7592
https://data.datatourisme.fr/13/751edd4a-43b0-38c6-be09-bf0b16568e2d,SportsAndLeisurePlace,Ota,20198,Corse-du-Sud,Corse,42.268455,8.693683
https://data.datatourisme.fr/13/752c6e5d-df6d-337c-8355-b997204137bb,SportsAndLeisurePlace,Calvi,20260,Haute-Corse,Corse,42.568155,8.759554
https://data.datatourisme.fr/13/75b8c612-0264-320a-874b-4e8f770061ff,CulturalSite,Belgodère,20226,Haute-Corse,Corse,42.58584,9.017958
https://data.datatourisme.fr/13/76e26aec-eb29-33c0-9be2-c49e0b8f88f0,Store,Calvi,20260,Haute-Corse,Corse,42.551733,8.765059
https://data.datatourisme.fr/13/7753444e-b173-3c2c-b854-abc278641455,SportsCompetition,Belgodère,20226,Haute-Corse,Corse,42.639238,9.021217
https://data.datatourisme.fr/13/7796f639-b3d0-307a-97a7-d5c72d59d2b9,FoodEstablishment,Calenzana,20214,Haute-Corse,Corse,42.507461,8.852615
https://data.datatourisme.fr/13/78071d30-9d23-370c-bb8e-1a02b3e8fffd,Store,Montegrosso,20214,Haute-Corse,Corse,42.552401,8.86317
https://data.datatourisme.fr/13/78bf35c3-e4f3-39f3-b49c-23a2d8db2d52,Store,Calvi,20260,Haute-Corse,Corse,42.566495,8.756674
https://data.datatourisme.fr/13/78eb2247-0b92-3e39-92cd-d0702fe72fe4,HolidayResort,Lecci,20137,Corse-du-Sud,Corse,41.63762,9.33935
https://data.datatourisme.fr/13/7922b9d1-b18f-320c-8773-927da031a30d,FoodEstablishment,Galéria,20245,Haute-Corse,Corse,42.41,8.6874
https://data.datatourisme.fr/13/7981779e-cab1-3ded-9191-d6c8d02b37ed,Store,Calvi,20260,Haute-Corse,Corse,42.565109,8.75635
https://data.datatourisme.fr/13/79c91462-6352-379b-9727-4242e7db5d1a,Store,Porto-Vecchio,20137,Corse-du-Sud,Corse,41.59,9.2782
https://data.datatourisme.fr/13/7a7db359-50a8-366a-8388-4ad1870f162b,ReligiousSite,Calvi,20260,Haute-Corse,Corse,42.566551,8.757658
https://data.datatourisme.fr/13/7a7ec0ba-15e7-344f-aa9b-7395dbffa4a0,FoodEstablishment,Monticello,20220,Haute-Corse,Corse,42.622039,8.950095
https://data.datatourisme.fr/13/7afb0ff2-be97-3234-8d16-bcfed88ecb76,SportsAndLeisurePlace,Porto-Vecchio,20137,Corse-du-Sud,Corse,41.588873,9.287238
https://data.datatourisme.fr/13/7b3b94ed-9cec-38fa-8dc1-dc2bc7830618,SportsAndLeisurePlace,Porto-Vecchio,20137,Corse-du-Sud,Corse,41.591675,9.278397
https://data.datatourisme.fr/13/7c36fe8c-6334-3fdc-899b-98cb34fa8e77,CulturalSite,Porto-Vecchio,20137,Corse-du-Sud,Corse,41.590892,9.278382
https://data.datatourisme.fr/13/7c484ac7-cd4e-3161-98da-8776eda19b96,SportsAndLeisurePlace,Lecci,20137,Corse-du-Sud,Corse,41.673547,9.299361
https://data.datatourisme.fr/13/7c9a6451-e1c1-3ced-8abd-17b3eb4dc958,SportsAndLeisurePlace,Lecci,20137,Corse-du-Sud,Corse,41.635255,9.348856
https://data.datatourisme.fr/13/7d31373b-2b11-3e8d-bd62-7adf581483cf,HotelTrade,Calvi,20260,Haute-Corse,Corse,42.559928,8.75708
https://data.datatourisme.fr/13/7db1aea0-8dcf-337d-b01c-f0bf23490f5d,FoodEstablishment,Porto-Vecchio,20137,Corse-du-Sud,Corse,41.531552,9.274602
https://data.datatourisme.fr/13/7e370308-b630-3d48-b22d-379e7aac23ac,SportsAndLeisurePlace,Porto-Vecchio,20137,Corse-du-Sud,Corse,41.590132,9.283183
https://data.datatourisme.fr/13/7ec98be8-79f1-3b21-9754-c3ab2526d5ce,HotelTrade,Lecci,20137,Corse-du-Sud,Corse,41.621827,9.338508
https://data.datatourisme.fr/13/7ef5b6d8-6955-3298-866d-ae0db5280682,SportsAndLeisurePlace,Porto-Vecchio,20137,Corse-du-Sud,Corse,41.589858,9.28319
https://data.datatourisme.fr/13/7f1df604-bd0c-3223-a4d9-ab005f762a53,Store,Porto-Vecchio,20137,Corse-du-Sud,Corse,41.588,9.2822
https://data.datatourisme.fr/13/7fd163bc-75d0-37b1-b661-efa2ceba7631,SportsCompetition,Calvi,20260,Haute-Corse,Corse,42.565,8.7567
https://data.datatourisme.fr/13/7feed920-d21e-3ee6-98b6-e88536f52474,ReligiousSite,Zilia,20214,Haute-Corse,Corse,42.530433,8.900879
https://data.datatourisme.fr/13/8035d525-7011-3019-a29d-5fb7ec52600e,Store,Lecci,20137,Corse-du-Sud,Corse,41.680375,9.316603
https://data.datatourisme.fr/13/8039e1df-83d8-3ac7-baff-6bc4b35640ef,SportsAndLeisurePlace,Pianottoli-Caldarello,20131,Corse-du-Sud,Corse,41.475454,9.071438
https://data.datatourisme.fr/13/80556698-0dc3-39a6-9243-a6899751e699,Store,Algajola,20220,Haute-Corse,Corse,42.610487,8.855123
https://data.datatourisme.fr/13/80978f40-92b5-3256-8141-d1d010bf53b4,HotelTrade,Porto-Vecchio,20137,Corse-du-Sud,Corse,41.609,9.2873
https://data.datatourisme.fr/13/80a4f1da-30df-3d12-bf37-4b0b4716465f,FoodEstablishment,Porto-Vecchio,20137,Corse-du-Sud,Corse,41.59027,9.277423
https://data.datatourisme.fr/13/815e471b-298f-3a4f-90cc-28d10f3ea7b5,SportsAndLeisurePlace,Porto-Vecchio,20137,Corse-du-Sud,Corse,41.600559,9.270855
https://data.datatourisme.fr/13/81e5386c-ec9a-3a4c-a7dc-9a848dc140e0,Store,Calvi,20260,Haute-Corse,Corse,42.567366,8.758566
https://data.datatourisme.fr/13/822cba57-a254-34d7-9b01-b8a019806922,WalkingTour,Porto-Vecchio,20137,Corse-du-Sud,Corse,41.587947,9.288538
https://data.datatourisme.fr/13/824cf757-abab-34be-837d-d6b662d1f134,FoodEstablishment,Calvi,20260,Haute-Corse,Corse,42.566519,8.757862
https://data.datatourisme.fr/13/82556e33-113d-3eda-aec1-6beca9f99d6f,TastingProvider,Porto-Vecchio,20137,Corse-du-Sud,Corse,41.595,9.2375
https://data.datatourisme.fr/13/826683ca-aaec-38d9-8a28-9fb2e3efa5f8,TechnicalHeritage,Porto-Vecchio,20137,Corse-du-Sud,Corse,41.591226,9.283411
https://data.datatourisme.fr/13/827f8fdd-dd86-36c3-a05d-df2db8ab268b,SportsAndLeisurePlace,Figari,20114,Corse-du-Sud,Corse,41.465614,9.070365
https://data.datatourisme.fr/13/8293be36-de79-3862-a682-ec91bda3c211,FoodEstablishment,Porto-Vecchio,20137,Corse-du-Sud,Corse,41.578,9.3008
https://data.datatourisme.fr/13/82d17e30-5cb8-39c1-b821-5f4809eccc4b,ParkAndGarden,Avapessa,20225,Haute-Corse,Corse,42.559385,8.90357
https://data.datatourisme.fr/13/82d521ff-b897-3866-8ad0-a1e4bd84eb0a,HolidayResort,Calvi,20260,Haute-Corse,Corse,42.556603,8.755357
https://data.datatourisme.fr/13/8316eb1e-1872-3302-87ec-2d998f3964fa,FoodEstablishment,Calvi,20260,Haute-Corse,Corse,42.520231,8.720694
https://data.datatourisme.fr/13/8426a86a-9641-38a5-a175-1c76a276d4f9,FoodEstablishment,Porto-Vecchio,20137,Corse-du-Sud,Corse,41.591578,9.308502
https://data.datatourisme.fr/13/848eeff6-2fdd-37f8-9c2b-52b8e9758e75,LodgingBusiness,Porto-Vecchio,20137,Corse-du-Sud,Corse,41.621641,9.256057
https://data.datatourisme.fr/13/84c4d010-d8b2-33a3-a90d-f8d6abe13635,SportsAndLeisurePlace,Calvi,20260,Haute-Corse,Corse,42.566907,8.759224
https://data.datatourisme.fr/13/84f75c7b-85e3-3f46-9b8a-caa187c44389,CollectiveAccommodation,Calvi,20260,Haute-Corse,Corse,42.556401,8.759972
https://data.datatourisme.fr/13/861eaad1-129d-3c01-8c58-fe4b290d9024,LodgingBusiness,Porto-Vecchio,20137,Corse-du-Sud,Corse,41.587314,9.299883
https://data.datatourisme.fr/13/8627fd30-4220-3745-838c-eaada3fe2f3e,Store,Sari-Solenzara,20145,Corse-du-Sud,Corse,41.836,9.3728
https://data.datatourisme.fr/13/869a01e7-deea-3715-aa86-ad8e49859e4b,HotelTrade,Lumio,20260,Haute-Corse,Corse,42.58108,8.832131
https://data.datatourisme.fr/13/87101b4b-a501-3b08-a5d2-c18d0253688e,SportsAndLeisurePlace,Porto-Vecchio,20137,Corse-du-Sud,Corse,41.59,9.2794
https://data.datatourisme.fr/13/886a12cf-19de-38e5-9ca3-0222ef74495e,SportsAndLeisurePlace,Lecci,20137,Corse-du-Sud,Corse,41.636185,9.347526
https://data.datatourisme.fr/13/89161292-5c04-3980-95e0-feb7c1282f6a,CampingAndCaravanning,Galéria,20245,Haute-Corse,Corse,42.412766,8.691103
https://data.datatourisme.fr/13/89529c35-9c0a-3b05-ac59-7c1457b4dfa4,SportsAndLeisurePlace,Bonifacio,20169,Corse-du-Sud,Corse,41.389,9.1653
https://data.datatourisme.fr/13/896429bf-be2a-3dcf-91ec-13bbb13caa5a,CampingAndCaravanning,Bonifacio,20169,Corse-du-Sud,Corse,41.473,9.2608
https://data.datatourisme.fr/13/89e67a34-a81c-3999-a1ec-d3ac4bfebf79,Store,Porto-Vecchio,20137,Corse-du-Sud,Corse,41.522,9.2594
https://data.datatourisme.fr/13/8a28820d-cc41-37f4-afd0-2c79db96f9f0,Store,Santo-Pietro-di-Tenda,20314,Haute-Corse,Corse,42.654107,9.179699
https://data.datatourisme.fr/13/8ba89b37-8687-39a2-8186-18100f2f5bcf,CampingAndCaravanning,Belgodère,20226,Haute-Corse,Corse,42.627265,9.0092
https://data.datatourisme.fr/13/8c3f4b96-9a38-37c0-943e-ca0ea42cd298,Ruins,Lumio,20260,Haute-Corse,Corse,42.584157,8.839069
https://data.datatourisme.fr/13/8cb62fdc-cb26-3e41-b02b-6f23dba330db,SportsAndLeisurePlace,Porto-Vecchio,20137,Corse-du-Sud,Corse,41.621146,9.304465
https://data.datatourisme.fr/13/8cbc6e76-25b1-319e-ad31-830409ce3048,HolidayResort,Calvi,20260,Haute-Corse,Corse,42.564269,8.744466
https://data.datatourisme.fr/13/8d3410ee-10c3-390b-b313-df31cfcc6fe5,SportsAndLeisurePlace,Porto-Vecchio,20137,Corse-du-Sud,Corse,41.589533,9.285359
https://data.datatourisme.fr/13/8d8cf8aa-0dc7-3fe1-bf64-3936a5f28f14,Store,Porto-Vecchio,20137,Corse-du-Sud,Corse,41.546,9.305
https://data.datatourisme.fr/13/8dd943cb-3679-3807-ac6d-7c3b8e7c026c,HotelTrade,Calvi,20260,Haute-Corse,Corse,42.563021,8.753575
https://data.datatourisme.fr/13/8e83ed32-f50a-3c33-85e0-89880f629cdd,HotelTrade,L'Île-Rousse,20220,Haute-Corse,Corse,42.638412,8.934802
https://data.datatourisme.fr/13/902290d7-fa38-34d3-8ba0-f33af3487dd4,FoodEstablishment,Porto-Vecchio,20137,Corse-du-Sud,Corse,41.531822,9.274982
https://data.datatourisme.fr/13/902facef-1ce6-3bde-b664-55a4310076b9,Store,Calvi,20260,Haute-Corse,Corse,42.558581,8.757592
https://data.datatourisme.fr/13/9039ffac-326e-3c64-a3e6-5a3f6bba5998,SportsAndLeisurePlace,Saint-Florent,20298,Haute-Corse,Corse,42.679154,9.301499
https://data.datatourisme.fr/13/90481ce6-06dd-38ea-807a-465712d106b0,Store,Algajola,20220,Haute-Corse,Corse,42.607533,8.86796
https://data.datatourisme.fr/13/9100158b-d02e-3904-a0a9-a14918a04749,Store,Calvi,20260,Haute-Corse,Corse,42.566671,8.751931
https://data.datatourisme.fr/13/91091d16-3ead-3477-8059-90fd936d033b,FoodEstablishment,Porto-Vecchio,20137,Corse-du-Sud,Corse,41.546325,9.305087
https://data.datatourisme.fr/13/913ec9c0-a35a-3aff-b110-8dc8e2603fc0,HotelTrade,L'Île-Rousse,20220,Haute-Corse,Corse,42.637996,8.935111
https://data.datatourisme.fr/13/91798afa-3bb1-3d3a-825c-ce4f1869cd6b,Store,Porto-Vecchio,20137,Corse-du-Sud,Corse,41.531,9.2804
https://data.datatourisme.fr/13/91f70343-e4b4-3963-908d-20a1f17581fa,SportsAndLeisurePlace,Saint-Florent,20217,Haute-Corse,Corse,42.680335,9.300995
https://data.datatourisme.fr/13/92195640-854c-33ad-8641-4d6dc19ef560,HolidayResort,L'Île-Rousse,20220,Haute-Corse,Corse,42.632894,8.944848
https://data.datatourisme.fr/13/93a09fec-a4a6-3c09-999c-289637977430,HolidayResort,Algajola,20220,Haute-Corse,Corse,42.6068,8.865841
https://data.datatourisme.fr/13/93ac9385-61f9-377b-b1d5-0d54f3354b1b,SportsAndLeisurePlace,Porto-Vecchio,20137,Corse-du-Sud,Corse,41.545896,9.305777
https://data.datatourisme.fr/13/9447da93-961e-3e8c-a8b9-25db03c6c7c4,HotelTrade,Algajola,20220,Haute-Corse,Corse,42.607708,8.864472
https://data.datatourisme.fr/13/94b40ff2-7026-39aa-bc43-4b4b2ad2a507,HolidayResort,Calvi,20260,Haute-Corse,Corse,42.543739,8.798235
https://data.datatourisme.fr/13/94c675c7-23c7-3351-9b63-6b09cd72b905,Store,Porto-Vecchio,20137,Corse-du-Sud,Corse,41.592,9.2782
https://data.datatourisme.fr/13/94cce5f4-2667-37ad-b0d5-bf4a8c508f33,Store,Pianottoli-Caldarello,20131,Corse-du-Sud,Corse,41.476,9.0678
https://data.datatourisme.fr/13/94d6f78a-3d7b-3a3b-857a-ebf5313baf66,Store,Calvi,20260,Haute-Corse,Corse,42.55533,8.773898
https://data.datatourisme.fr/13/95072dc7-aca4-3c63-82cc-53156cc8a171,FoodEstablishment,Belgodère,20226,Haute-Corse,Corse,42.63629,9.012802
https://data.datatourisme.fr/13/9640afcd-bebc-3287-996b-1ba22cd3b3d1,HolidayResort,Belgodère,20226,Haute-Corse,Corse,42.641175,9.019761
https://data.datatourisme.fr/13/9715e1d0-e76d-31fb-8081-a1350cffe6af,FoodEstablishment,Calvi,20260,Haute-Corse,Corse,42.554813,8.770887
https://data.datatourisme.fr/13/97fa50dd-299f-32ce-9069-2d1632d9cf45,HotelTrade,Sotta,20146,Corse-du-Sud,Corse,41.523839,9.219267
https://data.datatourisme.fr/13/984b427a-8136-30cb-a237-0d63239b0e03,CulturalSite,Porto-Vecchio,20137,Corse-du-Sud,Corse,41.59158,9.2811
https://data.datatourisme.fr/13/987acfe7-7713-3394-aad4-d11adaeefb32,Store,Quenza,20145,Corse-du-Sud,Corse,41.824181,9.262826
https://data.datatourisme.fr/13/991b4196-f509-3076-b4cb-d8a242a40bc7,SportsAndLeisurePlace,Porto-Vecchio,20137,Corse-du-Sud,Corse,41.59027,9.279853
https://data.datatourisme.fr/13/994bf0c6-c98d-36de-bad1-712b23d58b87,CulturalSite,Porto-Vecchio,20137,Corse-du-Sud,Corse,41.589746,9.279257
https://data.datatourisme.fr/13/99b2c985-7e76-3604-86e3-9efc566aae9c,Store,Olmi-Cappella,20259,Haute-Corse,Corse,42.52841,9.019866
https://data.datatourisme.fr/13/99de22b7-d126-322d-b15e-feb6c907c19c,HolidayResort,Lecci,20137,Corse-du-Sud,Corse,41.642375,9.331556
https://data.datatourisme.fr/13/9a5e67f4-2a35-3b2e-8bcb-88b09c15b6c8,FoodEstablishment,Calvi,20260,Haute-Corse,Corse,42.568656,8.756011
https://data.datatourisme.fr/13/9aba6427-5ab3-37af-9b70-52c640bfbe37,SportsCompetition,Pietralba,20218,Haute-Corse,Corse,42.545647,9.185779
https://data.datatourisme.fr/13/9b0674f7-8c70-332c-bd80-ae961f203362,HotelTrade,L'Île-Rousse,20220,Haute-Corse,Corse,42.632424,8.940731
https://data.datatourisme.fr/13/9c59816b-2e2c-3ebf-9a44-9a0ad046e886,HotelTrade,Calvi,20260,Haute-Corse,Corse,42.568126,8.757943
https://data.datatourisme.fr/13/9cec75a4-6d2f-31f8-b830-a203a9a3c34c,SportsAndLeisurePlace,Monacia-d'Aullène,20171,Corse-du-Sud,Corse,41.475454,9.071438
https://data.datatourisme.fr/13/9db3aa79-4eed-34dd-ba68-79360ed37774,Store,Moncale,20214,Haute-Corse,Corse,42.500524,8.808603
https://data.datatourisme.fr/13/9df168de-2aba-388c-8e5f-388fd7c27495,SportsAndLeisurePlace,Porto-Vecchio,20137,Corse-du-Sud,Corse,41.598264,9.264425
https://data.datatourisme.fr/13/9e4a1037-4182-3c27-b7cb-833ddc28cf29,Store,Porto-Vecchio,20137,Corse-du-Sud,Corse,41.689343,9.205972
https://data.datatourisme.fr/13/9e6632af-8d20-300e-8420-da0580394808,TennisComplex,Monticello,20220,Haute-Corse,Corse,42.613109,8.963359
https://data.datatourisme.fr/13/9f06812f-9639-320a-b75b-fdf587c553e8,HotelTrade,Santa-Reparata-di-Balagna,20220,Haute-Corse,Corse,42.604342,8.930222
https://data.datatourisme.fr/13/9f7e2f7b-39ff-304f-b29c-506d2276ff27,FoodEstablishment,Porto-Vecchio,20137,Corse-du-Sud,Corse,41.592,9.281
https://data.datatourisme.fr/13/a08761a2-b0bf-3fa1-b144-93e35a7ae08f,Store,L'Île-Rousse,20220,Haute-Corse,Corse,42.63234,8.942756
https://data.datatourisme.fr/13/a0b4d225-67ca-334c-b4e7-461cb3f60f55,FoodEstablishment,Montegrosso,20214,Haute-Corse,Corse,42.53739,8.872635
https://data.datatourisme.fr/13/a1234078-7fd5-30c8-9c8b-818bac54a127,CulturalSite,Porto-Vecchio,20137,Corse-du-Sud,Corse,41.591504,9.279576
https://data.datatourisme.fr/13/a1bbcee8-1c0e-3089-873b-1f531e7fd66a,HolidayResort,Porto-Vecchio,20137,Corse-du-Sud,Corse,41.56,9.3033
https://data.datatourisme.fr/13/a261f68b-5824-36f7-a310-bd9febf2c616,ReligiousSite,Porto-Vecchio,20137,Corse-du-Sud,Corse,41.590774,9.279106
https://data.datatourisme.fr/13/a28b1be8-3226-3ba9-82e2-f47b407132a9,Store,Porto-Vecchio,20137,Corse-du-Sud,Corse,41.531076,9.273279
https://data.datatourisme.fr/13/a32e86b1-d8ee-3a42-86bc-02b478aa0d13,SportsAndLeisurePlace,Pianottoli-Caldarello,20131,Corse-du-Sud,Corse,41.474748,9.071887
https://data.datatourisme.fr/13/a330d62e-22d0-3e3e-a614-d9a56eabc547,SportsAndLeisurePlace,Porto-Vecchio,20137,Corse-du-Sud,Corse,41.591231,9.283668
https://data.datatourisme.fr/13/a33f981f-de1f-3dde-b238-dca096c7e518,FoodEstablishment,L'Île-Rousse,20220,Haute-Corse,Corse,42.634143,8.941365
https://data.datatourisme.fr/13/a3550431-7733-3cdf-909e-c28f1f94d439,FoodEstablishment,Calvi,20260,Haute-Corse,Corse,42.567049,8.758378
https://data.datatourisme.fr/13/a4422c50-6ce5-328a-b4c7-6a987687a235,FoodEstablishment,Pigna,20220,Haute-Corse,Corse,42.598951,8.902056
https://data.datatourisme.fr/13/a446fc68-ec40-3001-abeb-356fd31bafbb,Store,Galéria,20245,Haute-Corse,Corse,42.412766,8.691103
https://data.datatourisme.fr/13/a44ba21a-9426-3c0d-8389-84c4959201d9,HotelTrade,Calvi,20260,Haute-Corse,Corse,42.566729,8.757881
https://data.datatourisme.fr/13/a496be91-c564-30ad-a60f-83aed067cdac,SportsAndLeisurePlace,Calvi,20260,Haute-Corse,Corse,42.556132,8.759886
https://data.datatourisme.fr/13/a4bd23a0-0e44-3840-a28a-e718cd6929f9,HolidayResort,L'Île-Rousse,20220,Haute-Corse,Corse,42.63617,8.936168
https://data.datatourisme.fr/13/a50782eb-c3c5-3291-9cbb-ae5054d13885,Store,Calvi,20260,Haute-Corse,Corse,42.565645,8.757402
https://data.datatourisme.fr/13/a5313b37-8d34-3c11-8d8e-4845fc0abf28,HotelTrade,Feliceto,20225,Haute-Corse,Corse,42.580059,8.925416
https://data.datatourisme.fr/13/a563f678-babe-3399-8910-b8a3659f2dfd,Store,Sari-Solenzara,20145,Corse-du-Sud,Corse,41.834776,9.322471
https://data.datatourisme.fr/13/a5d3fd51-d7c7-3349-9d88-b878d561e004,SportsAndLeisurePlace,Porto-Vecchio,20137,Corse-du-Sud,Corse,41.620258,9.303755
https://data.datatourisme.fr/13/a664ba16-3a53-35b9-8a60-b3bd5d44cc57,SportsAndLeisurePlace,Porto-Vecchio,20137,Corse-du-Sud,Corse,41.591714,9.278591
https://data.datatourisme.fr/13/a7a3ed66-d06d-3d42-bb65-96d8a3d240c2,Store,Galéria,20245,Haute-Corse,Corse,42.411478,8.681614
https://data.datatourisme.fr/13/a9192692-9bb5-315e-bb7e-83e1438a4d7b,FoodEstablishment,Calvi,20260,Haute-Corse,Corse,42.566254,8.758216
https://data.datatourisme.fr/13/a94cfec5-fdc2-3cff-b77d-8c10ba5c5ebe,FoodEstablishment,Porto-Vecchio,20137,Corse-du-Sud,Corse,41.589617,9.283333
https://data.datatourisme.fr/13/aa233abc-9c20-3c68-9311-2085cb5dfb83,SportsAndLeisurePlace,L'Île-Rousse,20220,Haute-Corse,Corse,42.64079,8.936117
https://data.datatourisme.fr/13/aa9dbc97-fe28-36df-8446-7c56f8e309c0,SportsAndLeisurePlace,Bonifacio,20169,Corse-du-Sud,Corse,41.42669,9.105352
https://data.datatourisme.fr/13/ab20c9e7-0d8a-3fd4-811a-d9b33fa0379a,FoodEstablishment,Pioggiola,20259,Haute-Corse,Corse,42.529598,9.000954
https://data.datatourisme.fr/13/ab2d04d2-388b-3c86-add7-496ce92cb9a7,FoodEstablishment,Lecci,20137,Corse-du-Sud,Corse,41.61615,9.318726
https://data.datatourisme.fr/13/abd152d9-d0e7-36d6-b0ae-1d4c7d0504d7,HotelTrade,Calenzana,20214,Haute-Corse,Corse,42.495422,8.881248
https://data.datatourisme.fr/13/ac176aa3-67f0-3ee5-9336-6a84a80cfd99,HolidayResort,Lecci,20137,Corse-du-Sud,Corse,41.625011,9.335586
https://data.datatourisme.fr/13/acee1da0-17b9-3a55-9342-28be3efc156d,Store,Santo-Pietro-di-Tenda,20314,Haute-Corse,Corse,42.664533,9.214667
https://data.datatourisme.fr/13/ad233eb8-7120-3431-9608-558165ebb59d,Store,Calvi,20260,Haute-Corse,Corse,42.567552,8.759505
https://data.datatourisme.fr/13/ad26db29-06f1-3b3d-b34b-673155895346,FoodEstablishment,Porto-Vecchio,20137,Corse-du-Sud,Corse,41.623853,9.300094
https://data.datatourisme.fr/13/ad305b34-2a72-325b-b64a-0c549770ccb1,HolidayResort,Lecci,20137,Corse-du-Sud,Corse,41.625307,9.337211
https://data.datatourisme.fr/13/ad3c67a7-adb7-3ad9-8c72-d15b401f7eb6,SportsAndLeisurePlace,Lecci,20137,Corse-du-Sud,Corse,41.637625,9.34782
https://data.datatourisme.fr/13/ad7ad63c-9b43-357b-aead-66e15e27c075,SportsAndLeisurePlace,Porto-Vecchio,20538,Corse-du-Sud,Corse,41.604431,9.278225
https://data.datatourisme.fr/13/adda5359-f234-3d65-8b64-3391bc2a0fd6,HotelTrade,Porto-Vecchio,20137,Corse-du-Sud,Corse,41.566067,9.326413
https://data.datatourisme.fr/13/ae248c88-f838-39fd-bdf6-8f6c71ff4d2c,Store,Calvi,20260,Haute-Corse,Corse,42.55121,8.779444
https://data.datatourisme.fr/13/ae972c78-d94a-3e01-bb2d-66e87d83e6bf,Store,Corte,20096,Haute-Corse,Corse,42.30004,9.150075
https://data.datatourisme.fr/13/af2aff86-b2f8-338f-b3d2-a2140018952a,HolidayResort,L'Île-Rousse,20220,Haute-Corse,Corse,42.632506,8.931884
https://data.datatourisme.fr/13/af995a4c-e616-3992-95a2-6a9b7df536cf,HotelTrade,L'Île-Rousse,20220,Haute-Corse,Corse,42.627661,8.934496
https://data.datatourisme.fr/13/b1228fbe-a44e-3b2a-b14c-afb3a41413b0,CampingAndCaravanning,Corbara,20256,Haute-Corse,Corse,42.607562,8.888071
https://data.datatourisme.fr/13/b1ee6b22-e74d-31ae-9e06-7f612a7c9836,SportsAndLeisurePlace,Ota,20150,Corse-du-Sud,Corse,42.26704,8.693502
https://data.datatourisme.fr/13/b26b3595-d776-38a9-884e-d594964a1880,CampingAndCaravanning,Lecci,20137,Corse-du-Sud,Corse,41.673547,9.299361
https://data.datatourisme.fr/13/b2dd8a9a-9ade-33d6-b2d9-a955ddfda2c1,HotelTrade,Porto-Vecchio,20137,Corse-du-Sud,Corse,41.591485,9.308531
https://data.datatourisme.fr/13/b32e8762-9eec-36d3-8385-02905bfb2d67,FoodEstablishment,Porto-Vecchio,20137,Corse-du-Sud,Corse,41.553875,9.318144
https://data.datatourisme.fr/13/b34624d0-2e4c-3b17-a2cb-4034f20e8878,HotelTrade,Lecci,20137,Corse-du-Sud,Corse,41.62181,9.343777
https://data.datatourisme.fr/13/b3520bfc-803a-3325-a59f-b6399fd71883,Store,Santo-Pietro-di-Tenda,20314,Haute-Corse,Corse,42.65796,9.203865
https://data.datatourisme.fr/13/b372dc05-874b-36c7-b570-3d2d858dabea,FoodEstablishment,Manso,20245,Haute-Corse,Corse,42.367219,8.790837
https://data.datatourisme.fr/13/b3817b62-9ffc-3e96-a38e-c3242c4f04d5,Store,L'Île-Rousse,20220,Haute-Corse,Corse,42.63738,8.936084
https://data.datatourisme.fr/13/b3a08297-6faf-366e-a80d-0c781eb83455,Store,L'Île-Rousse,20220,Haute-Corse,Corse,42.628118,8.92695
https://data.datatourisme.fr/13/b3f18353-bac8-36c6-bc72-a69de5ab63d3,FoodEstablishment,Calvi,20260,Haute-Corse,Corse,42.559763,8.757799
https://data.datatourisme.fr/13/b4035e3b-7b2f-35a8-99c3-c3f6a320fa21,SportsAndLeisurePlace,Porto-Vecchio,20137,Corse-du-Sud,Corse,41.588606,9.284504
https://data.datatourisme.fr/13/b4737fcd-3741-3dab-8f5a-2552be1e647d,Store,Lecci,20137,Corse-du-Sud,Corse,41.644942,9.333513
https://data.datatourisme.fr/13/b53435cd-6bf7-314d-ac87-8077e72c3541,LodgingBusiness,Porto-Vecchio,20137,Corse-du-Sud,Corse,41.593,9.2771
https://data.datatourisme.fr/13/b53b75c1-e3a7-3390-af72-b52af9bea310,HotelTrade,Calvi,20260,Haute-Corse,Corse,42.543,8.7574
https://data.datatourisme.fr/13/b56d0f3e-d113-3969-bc51-731cf3f01c10,Store,Castello-di-Rostino,20235,Haute-Corse,Corse,42.481485,9.281383
https://data.datatourisme.fr/13/b5b8fda5-9555-30e4-acf6-29cb5e5f5444,FoodEstablishment,Porto-Vecchio,20137,Corse-du-Sud,Corse,41.591017,9.279691
https://data.datatourisme.fr/13/b5ce834b-62ac-3760-93bd-1b5acdbfdf3c,ReligiousSite,Moncale,20214,Haute-Corse,Corse,42.509683,8.836827
https://data.datatourisme.fr/13/b6282439-7cfc-31e7-8bdf-8e4c935fafc6,Store,Bonifacio,20169,Corse-du-Sud,Corse,41.372928,9.221199
https://data.datatourisme.fr/13/b63d1ecd-efa3-3b0a-8b31-76aba9acc7c5,HotelTrade,Calvi,20260,Haute-Corse,Corse,42.568137,8.750731
https://data.datatourisme.fr/13/b707c543-ffc4-3822-9329-e1569042c600,DefenceSite,Calvi,20260,Haute-Corse,Corse,42.566671,8.751931
https://data.datatourisme.fr/13/b72a11ff-cc51-3e2d-a817-db4c033b75dd,CampingAndCaravanning,Monticello,20220,Haute-Corse,Corse,42.631253,8.952512
https://data.datatourisme.fr/13/b78a43cd-be00-31fb-966f-bdfc4349bbec,Store,Calvi,20260,Haute-Corse,Corse,42.565994,8.752626
https://data.datatourisme.fr/13/b82c50b6-a59b-3de4-aa22-481039fc8835,FoodEstablishment,Bonifacio,20169,Corse-du-Sud,Corse,41.468,9.2664
https://data.datatourisme.fr/13/b89995cb-2183-3a04-83b9-a69d37de4e0f,Store,L'Île-Rousse,20220,Haute-Corse,Corse,42.637557,8.93595
https://data.datatourisme.fr/13/b8f09129-dd1e-3291-a16a-abdc7d1ff326,CulturalSite,Palasca,20226,Haute-Corse,Corse,42.588756,9.042443
https://data.datatourisme.fr/13/b96b25af-5d1b-3d80-bafe-87e3e4782081,HolidayResort,Calvi,20260,Haute-Corse,Corse,42.565083,8.746188
https://data.datatourisme.fr/13/b96e9529-a605-3e5b-8170-51dc5ee8eceb,Store,Lecci,20137,Corse-du-Sud,Corse,41.636329,9.347578
https://data.datatourisme.fr/13/ba1222db-4ad3-3008-bf9d-456d2b3c525c,LodgingBusiness,Porto-Vecchio,20137,Corse-du-Sud,Corse,41.548,9.3033
https://data.datatourisme.fr/13/ba954710-d156-36bb-bbe5-0426757e47bb,SportsAndLeisurePlace,Porto-Vecchio,20137,Corse-du-Sud,Corse,41.590537,9.280046
https://data.datatourisme.fr/13/ba98f8fe-c1e4-3867-80a7-d38da1b4e604,EntertainmentAndEvent,Calvi,20260,Haute-Corse,Corse,42.568068,8.762271
https://data.datatourisme.fr/13/baf56824-5e48-32d7-b7e3-cc201596c93e,CulturalSite,Santa-Reparata-di-Balagna,20220,Haute-Corse,Corse,42.6042,8.929852
https://data.datatourisme.fr/13/bb86e23b-0190-33b1-b989-a59fac454214,FoodEstablishment,Calvi,20260,Haute-Corse,Corse,42.566969,8.757494
https://data.datatourisme.fr/13/bbba189f-c89b-3b0f-8d47-241c994eddcc,FoodEstablishment,Porto-Vecchio,20137,Corse-du-Sud,Corse,41.59,9.3091
https://data.datatourisme.fr/13/bbbbec33-4264-33e7-918a-ce80a7fa6da3,TastingProvider,Figari,20114,Corse-du-Sud,Corse,41.497689,9.134778
https://data.datatourisme.fr/13/bbd45001-cc4c-30e2-aa0a-c5d31fe63bf5,SportsAndLeisurePlace,Lumio,20260,Haute-Corse,Corse,42.604,8.8271
https://data.datatourisme.fr/13/bbe83410-c36d-38cf-bf52-d10825b5dc66,Store,Bonifacio,20169,Corse-du-Sud,Corse,41.377,9.2217
https://data.datatourisme.fr/13/bc168510-c0d1-3812-82b1-bbf2bfe4cd88,FoodEstablishment,Porto-Vecchio,20137,Corse-du-Sud,Corse,41.590844,9.279706
https://data.datatourisme.fr/13/bc6ef10a-f982-3e15-b2e1-5b0a00bcdf1b,FoodEstablishment,Calvi,20260,Haute-Corse,Corse,42.554144,8.771575
https://data.datatourisme.fr/13/bda562ca-34bd-3172-b9f0-bc1b01ee83e7,HotelTrade,Calvi,20260,Haute-Corse,Corse,42.552622,8.764062
https://data.datatourisme.fr/13/be2419b6-04a4-31fc-9184-37fe67f52529,CampingAndCaravanning,Calvi,20260,Haute-Corse,Corse,42.557264,8.756045
https://data.datatourisme.fr/13/be415e66-6691-3262-99a3-0a9caf4ef2b0,TechnicalHeritage,Aregno,20220,Haute-Corse,Corse,42.604791,8.873169
https://data.datatourisme.fr/13/bed8a892-6473-3e75-b25b-974abef4b549,FoodEstablishment,Porto-Vecchio,20137,Corse-du-Sud,Corse,41.580028,9.254887
https://data.datatourisme.fr/13/bf400fdf-0282-34ec-8198-16bc5ae39724,FoodEstablishment,Galéria,20245,Haute-Corse,Corse,42.414122,8.643899
https://data.datatourisme.fr/13/bf933019-f7ef-3913-8196-d135f7daa326,CulturalSite,Ville-di-Paraso,20226,Haute-Corse,Corse,42.566,8.9858
https://data.datatourisme.fr/13/bf95d0a1-7456-3968-bf54-c171eb8ccfb6,FoodEstablishment,Bonifacio,20169,Corse-du-Sud,Corse,41.427,9.1055
https://data.datatourisme.fr/13/bfad0da4-757d-303f-a1b0-89418447b4f5,Store,Belgodère,20226,Haute-Corse,Corse,42.641324,9.015788
https://data.datatourisme.fr/13/c0695133-f600-38c9-97ab-1eca3b9fe9ca,SportsAndLeisurePlace,L'Île-Rousse,20220,Haute-Corse,Corse,42.627771,8.921979
https://data.datatourisme.fr/13/c0d978bc-6957-3633-a4ca-f134918bf390,CulturalSite,Corbara,20220,Haute-Corse,Corse,42.614937,8.905802
https://data.datatourisme.fr/13/c0dc53b4-6410-32a0-979c-ba6359f431bf,CampingAndCaravanning,Algajola,20220,Haute-Corse,Corse,42.608492,8.873847
https://data.datatourisme.fr/13/c11b6f15-d094-324d-8d6a-e223b3ebdb6b,FoodEstablishment,L'Île-Rousse,20220,Haute-Corse,Corse,42.643349,8.936708
https://data.datatourisme.fr/13/c15b2175-e388-3e38-ad05-46a1d42b58c0,HotelTrade,Calvi,20260,Haute-Corse,Corse,42.564839,8.753216
https://data.datatourisme.fr/13/c17edfc5-ad6a-35d6-9b6f-671c27cd56f5,Store,Quenza,20122,Corse-du-Sud,Corse,41.804481,9.239986
https://data.datatourisme.fr/13/c1bc2da7-88d4-374b-9a5d-7d541c1bbdca,SportsAndLeisurePlace,Porto-Vecchio,20137,Corse-du-Sud,Corse,41.593,9.2785
https://data.datatourisme.fr/13/c1c81ad4-0466-3dae-afa9-b2d4da59c35c,SportsAndLeisurePlace,Porto-Vecchio,20137,Corse-du-Sud,Corse,41.590307,9.277988
https://data.datatourisme.fr/13/c1f2cc0d-10b1-34ad-b73c-fb47d9fda78b,SportsAndLeisurePlace,Porto-Vecchio,20137,Corse-du-Sud,Corse,41.560557,9.336311
https://data.datatourisme.fr/13/c1f48014-8c68-3a95-999f-63ae34a88fc5,FoodEstablishment,Calvi,20260,Haute-Corse,Corse,42.536848,8.784944
https://data.datatourisme.fr/13/c2763299-d30b-3748-bd82-d7f749796e26,FoodEstablishment,Lama,20218,Haute-Corse,Corse,42.589069,9.145839
https://data.datatourisme.fr/13/c2c73af8-d353-35ed-b852-947cb10acb90,FoodEstablishment,Porto-Vecchio,20137,Corse-du-Sud,Corse,41.591,9.2788
https://data.datatourisme.fr/13/c2ced5d9-f072-3b67-a50d-d9bda2989f1f,HotelTrade,Calvi,20260,Haute-Corse,Corse,42.567935,8.758204
https://data.datatourisme.fr/13/c35f4834-39a7-3642-a85b-72960fa2e4e3,SportsAndLeisurePlace,Porto-Vecchio,20137,Corse-du-Sud,Corse,41.592145,9.213388
https://data.datatourisme.fr/13/c3db99a1-8c09-3d61-bf7d-4d7d461d1f95,Store,Calvi,20260,Haute-Corse,Corse,42.55515,8.761626
https://data.datatourisme.fr/13/c45810c5-8c12-3fc4-8f2d-7a8a7c498e70,HolidayResort,Lecci,20137,Corse-du-Sud,Corse,41.628354,9.334957
https://data.datatourisme.fr/13/c546ab1d-6237-30d5-8e1c-78ab047e5404,TennisComplex,L'Île-Rousse,20220,Haute-Corse,Corse,42.630573,8.934669
https://data.datatourisme.fr/13/c574fe56-fbce-3fb7-a02c-f0607fdb3542,Store,Saint-Florent,20217,Haute-Corse,Corse,42.674299,9.301336
https://data.datatourisme.fr/13/c5fa23a4-3f76-3490-84fe-5ab3c95276f6,FoodEstablishment,L'Île-Rousse,20220,Haute-Corse,Corse,42.634059,8.941699
https://data.datatourisme.fr/13/c645bc60-b1b5-35a5-a1c7-a17fc8336c56,HotelTrade,Calenzana,20214,Haute-Corse,Corse,42.508347,8.854934
https://data.datatourisme.fr/13/c653e169-8dc8-30f9-9003-3c4d16077d50,FoodEstablishment,Calvi,20260,Haute-Corse,Corse,42.549402,8.782809
https://data.datatourisme.fr/13/c705a758-ff08-3930-b0c1-7fa87723398a,HotelTrade,Calvi,20260,Haute-Corse,Corse,42.555582,8.745255
https://data.datatourisme.fr/13/c8b7ae3b-a46f-3f90-9f0c-957fe2b40bbc,HolidayResort,Porto-Vecchio,20137,Corse-du-Sud,Corse,41.584013,9.307353
https://data.datatourisme.fr/13/c8f96a13-4c1a-33eb-a734-d0e8223dbaa8,CampingAndCaravanning,Porto-Vecchio,20137,Corse-du-Sud,Corse,41.621,9.299
https://data.datatourisme.fr/13/c90f3c7a-79c1-32bc-8bda-206c22c4de73,SportsAndLeisurePlace,Porto-Vecchio,20137,Corse-du-Sud,Corse,41.557985,9.325567
https://data.datatourisme.fr/13/c930448e-4e33-39b6-bd98-766dc41200bc,Store,Porto-Vecchio,20137,Corse-du-Sud,Corse,41.59156,9.280801
https://data.datatourisme.fr/13/c94f9fe9-1edb-308c-9ba2-d88813eef7e2,Store,Propriano,20110,Corse-du-Sud,Corse,41.659115,8.89285
https://data.datatourisme.fr/13/c98a226f-c0a0-3795-a7e0-21983186af6f,Store,Monticello,20220,Haute-Corse,Corse,42.630706,8.95604
https://data.datatourisme.fr/13/c9cb6975-649a-36c6-923a-79cc85de7321,HolidayResort,Monticello,20220,Haute-Corse,Corse,42.631292,8.940128
https://data.datatourisme.fr/13/ca8a4b25-3b9d-38a3-a18a-151a81de01ca,ParkAndGarden,L'Île-Rousse,20220,Haute-Corse,Corse,42.635929,8.978947
https://data.datatourisme.fr/13/cbbbe0ec-9596-30de-bbb1-f68266df8442,FoodEstablishment,Calvi,20260,Haute-Corse,Corse,42.566817,8.758478
https://data.datatourisme.fr/13/cc8155f4-b0a0-3e96-a70b-6c5333b41f93,SportsAndLeisurePlace,Lecci,20137,Corse-du-Sud,Corse,41.616494,9.318192
https://data.datatourisme.fr/13/cd036c3e-161d-3ebc-9ade-f165981ae08c,Store,Calvi,20260,Haute-Corse,Corse,42.562,8.7564
https://data.datatourisme.fr/13/cd04f62d-56a9-3892-a2e9-8305fedf7b99,FoodEstablishment,Calvi,20260,Haute-Corse,Corse,42.566829,8.758882
https://data.datatourisme.fr/13/cd7d6823-996c-39b8-b3dc-30ba0ef1a1bc,FoodEstablishment,Lama,20218,Haute-Corse,Corse,42.575596,9.171698
https://data.datatourisme.fr/13/cdfa7410-734d-3cd0-a122-2d05ea8db36f,Transport,Lumio,20260,Haute-Corse,Corse,42.603016,8.827311
https://data.datatourisme.fr/13/cebb8d00-d825-374f-8a07-8ba6dd071881,CulturalSite,L'Île-Rousse,20220,Haute-Corse,Corse,42.635,8.9382
https://data.datatourisme.fr/13/cf026b23-224d-3937-a3ea-c89dff7e5fa5,CampingAndCaravanning,Palasca,20226,Haute-Corse,Corse,42.653704,9.06709
https://data.datatourisme.fr/13/cf7dbb63-a91e-3a69-888c-c0a61254f9f0,SportsAndLeisurePlace,Monticello,20220,Haute-Corse,Corse,42.626472,8.982424
https://data.datatourisme.fr/13/d0046c25-44e5-34f0-b0a4-0ce2f3d69f08,SportsAndLeisurePlace,Bonifacio,20169,Corse-du-Sud,Corse,41.376854,9.221687
https://data.datatourisme.fr/13/d0c2a040-0645-3c51-b361-dda40bab9cbf,FoodEstablishment,L'Île-Rousse,20220,Haute-Corse,Corse,42.634567,8.937554
https://data.datatourisme.fr/13/d1518d39-88b9-3619-aca4-b33412b65a7f,HotelTrade,Calvi,20260,Haute-Corse,Corse,42.543739,8.798235
https://data.datatourisme.fr/13/d1922790-8b02-3f9f-875b-1d7194fdc1b7,HotelTrade,Calvi,20260,Haute-Corse,Corse,42.557567,8.758636
https://data.datatourisme.fr/13/d1ca2d2b-2ba8-399c-b5b7-d92ebf6406c3,CampingAndCaravanning,Calvi,20260,Haute-Corse,Corse,42.554359,8.769469
https://data.datatourisme.fr/13/d1ebc771-83cb-392d-a694-66fb57fedae8,Transport,Porto-Vecchio,20137,Corse-du-Sud,Corse,41.589127,9.284574
https://data.datatourisme.fr/13/d23d2dbe-8500-38e0-9dda-2edb6a3e5e74,Store,Sant'Antonino,20220,Haute-Corse,Corse,42.589291,8.906416
https://data.datatourisme.fr/13/d2ea655c-ef63-3198-8bf9-746d954b5adb,FoodEstablishment,Pigna,20220,Haute-Corse,Corse,42.599914,8.902531
https://data.datatourisme.fr/13/d37cb51e-0f32-3e1f-abc0-48687082d07a,SportsAndLeisurePlace,Pioggiola,20259,Haute-Corse,Corse,42.539192,9.003261
https://data.datatourisme.fr/13/d4142868-84a2-3b08-9666-a0dce7bdab31,HotelTrade,Porto-Vecchio,20137,Corse-du-Sud,Corse,41.537658,9.278651
https://data.datatourisme.fr/13/d4280094-feff-3cf4-afb2-8e21d3afd8de,Store,Porto-Vecchio,20137,Corse-du-Sud,Corse,41.591369,9.278311
https://data.datatourisme.fr/13/d4d9e1a3-dae8-3106-9ccc-823c40e886f0,CampingAndCaravanning,Porto-Vecchio,20137,Corse-du-Sud,Corse,41.634,9.2945
https://data.datatourisme.fr/13/d579cf13-48d1-3741-8122-e32bf15b56ce,FoodEstablishment,Calvi,20260,Haute-Corse,Corse,42.557353,8.762328
https://data.datatourisme.fr/13/d5c15d63-d909-3f7a-a645-3c2e9ae29930,LodgingBusiness,Porto-Vecchio,20538,Corse-du-Sud,Corse,41.618458,9.300978
https://data.datatourisme.fr/13/d5fa11f0-66b5-33f3-b645-0ac57835af45,Store,Bonifacio,20169,Corse-du-Sud,Corse,41.377,9.2216
https://data.datatourisme.fr/13/d62ce3ab-feaf-3061-9eb6-f3661826faa3,FoodEstablishment,Porto-Vecchio,20137,Corse-du-Sud,Corse,41.590072,9.279552
https://data.datatourisme.fr/13/d66e0ff2-7a9d-3aaa-a5b1-992e28466925,SportsAndLeisurePlace,Porto-Vecchio,20137,Corse-du-Sud,Corse,41.581,9.2764
https://data.datatourisme.fr/13/d687003e-773a-33d6-8249-204bfed4346f,Store,Sant'Antonino,20220,Haute-Corse,Corse,42.588984,8.906041
https://data.datatourisme.fr/13/d6af2f60-58c0-37e3-8d57-ecedffd06a91,SportsAndLeisurePlace,Porto-Vecchio,20137,Corse-du-Sud,Corse,41.584443,9.281104
https://data.datatourisme.fr/13/d6fcf82e-4da0-3507-9716-3df46fc657ac,FoodEstablishment,Calvi,20260,Haute-Corse,Corse,42.566634,8.756701
https://data.datatourisme.fr/13/d7cfa85e-7944-3103-82cc-a5077b386218,FoodEstablishment,L'Île-Rousse,20220,Haute-Corse,Corse,42.63604,8.937607
https://data.datatourisme.fr/13/d7d72c83-df28-3a55-aa88-675c83257514,SportsCompetition,Porto-Vecchio,20137,Corse-du-Sud,Corse,41.590116,9.282796
https://data.datatourisme.fr/13/d8472fc6-e401-3057-883a-4ca5f585fc53,FoodEstablishment,Porto-Vecchio,20137,Corse-du-Sud,Corse,41.598163,9.266152
https://data.datatourisme.fr/13/d8cc3657-f6e9-38a0-a941-76583fb023de,HotelTrade,Porto-Vecchio,20137,Corse-du-Sud,Corse,41.579909,9.254862
https://data.datatourisme.fr/13/d9af753c-e48f-30b6-b143-01862e96e6bb,HolidayResort,Porto-Vecchio,20137,Corse-du-Sud,Corse,41.608561,9.287016
https://data.datatourisme.fr/13/d9ba00d6-55a1-3262-a364-56d605b3dce4,CulturalSite,Porto-Vecchio,20137,Corse-du-Sud,Corse,41.590163,9.278368
https://data.datatourisme.fr/13/da4797b5-fb68-37a4-8e79-89da925afbd4,TastingProvider,Lecci,20137,Corse-du-Sud,Corse,41.686586,9.320285
https://data.datatourisme.fr/13/da8ab52d-b622-33ab-a448-6dc37e2ca744,HotelTrade,Calvi,20260,Haute-Corse,Corse,42.568,8.750911
https://data.datatourisme.fr/13/dad41ee1-c9d1-3c75-a19d-ebcde55f42f7,FoodEstablishment,Calvi,20260,Haute-Corse,Corse,42.556886,8.763764
https://data.datatourisme.fr/13/dd51f605-1c69-3ebd-9663-0bf9e4e186b2,FoodEstablishment,L'Île-Rousse,20220,Haute-Corse,Corse,42.635108,8.938629
https://data.datatourisme.fr/13/dd8a5594-837a-351e-86a9-1c5e2031fbba,LodgingBusiness,Porto-Vecchio,20538,Corse-du-Sud,Corse,41.618202,9.304905
https://data.datatourisme.fr/13/dda1558d-238d-3d81-b1df-9dc683590846,Store,Porto-Vecchio,20137,Corse-du-Sud,Corse,41.622952,9.303846
https://data.datatourisme.fr/13/ddc3c6b9-04cb-3b7a-b7a0-936baf09862b,HotelTrade,L'Île-Rousse,20220,Haute-Corse,Corse,42.636689,8.936124
https://data.datatourisme.fr/13/ddd65267-c414-3400-a746-727f46768747,HotelTrade,Calvi,20260,Haute-Corse,Corse,42.568,8.7535
https://data.datatourisme.fr/13/de0ce8d7-1805-3623-a15a-ccfd11a52ea1,TouristTrain,L'Île-Rousse,20220,Haute-Corse,Corse,42.634236,8.93846
https://data.datatourisme.fr/13/de40ded2-631c-353b-8e3b-436671789661,HotelTrade,Calvi,20260,Haute-Corse,Corse,42.569502,8.755989
https://data.datatourisme.fr/13/de73d5e0-8e40-3359-b8b5-68af3e39dfac,HotelTrade,Porto-Vecchio,20137,Corse-du-Sud,Corse,41.631,9.3278
https://data.datatourisme.fr/13/debcb17c-ecf9-3638-a9a1-6c5b44e04f7f,FoodEstablishment,Porto-Vecchio,20137,Corse-du-Sud,Corse,41.594,9.2838
https://data.datatourisme.fr/13/dedfb290-7edc-3610-9927-9fe9036a158a,FoodEstablishment,Cateri,20225,Haute-Corse,Corse,42.572139,8.891043
https://data.datatourisme.fr/13/df4e62c1-20cc-3901-8f51-8a415819252a,FoodEstablishment,Porto-Vecchio,20137,Corse-du-Sud,Corse,41.590793,9.279021
https://data.datatourisme.fr/13/df5d29ec-55cd-37f3-a81f-f0db6c10c0f1,HolidayResort,Porto-Vecchio,20137,Corse-du-Sud,Corse,41.599358,9.268614
https://data.datatourisme.fr/13/dfac088e-5fea-379f-9c67-850422e85c88,Store,Calvi,20260,Haute-Corse,Corse,42.568213,8.757036
https://data.datatourisme.fr/13/dfbb7900-cfa9-35a1-80ef-1b2399983cef,HotelTrade,Calvi,20260,Haute-Corse,Corse,42.565,8.7536
https://data.datatourisme.fr/13/e0a0a43d-debe-30dc-afb2-cb8ca4462312,EntertainmentAndEvent,Calenzana,20214,Haute-Corse,Corse,42.508345,8.855348
https://data.datatourisme.fr/13/e1580658-e762-3257-a7c8-e2f3cd0cb132,FoodEstablishment,Speloncato,20226,Haute-Corse,Corse,42.56177,8.980701
https://data.datatourisme.fr/13/e171c4ff-2bb5-3283-b6a6-2e6923dec774,Store,Aregno,20220,Haute-Corse,Corse,42.58413,8.895152
https://data.datatourisme.fr/13/e208affb-bcbc-3041-b66a-c0c2acbc0ed9,HolidayResort,Porto-Vecchio,20137,Corse-du-Sud,Corse,41.536,9.2761
https://data.datatourisme.fr/13/e2a25b37-e257-3d89-bb36-2b61565e322a,FoodEstablishment,Porto-Vecchio,20137,Corse-du-Sud,Corse,41.59,9.2798
https://data.datatourisme.fr/13/e318eadc-dee9-3f52-abc0-f9698e99ad79,FoodEstablishment,Porto-Vecchio,20137,Corse-du-Sud,Corse,41.58,9.2012
https://data.datatourisme.fr/13/e4a984da-bd72-312a-95b6-883a7b19da0e,Store,Monticello,20220,Haute-Corse,Corse,42.622409,8.939081
https://data.datatourisme.fr/13/e59bbbf7-e338-3fb7-aca1-0e42b255a00f,CulturalSite,Calvi,20260,Haute-Corse,Corse,42.568,8.7595
https://data.datatourisme.fr/13/e640e99f-d868-387c-9703-592fea3ff9c6,Store,Lecci,20137,Corse-du-Sud,Corse,41.634099,9.346768
https://data.datatourisme.fr/13/e6b4ba76-4e79-3d7a-a7f6-0e900f14febb,HolidayResort,Porto-Vecchio,20137,Corse-du-Sud,Corse,41.609152,9.195225
https://data.datatourisme.fr/13/e8cfd848-2107-32bd-b663-6854d7845ca0,FoodEstablishment,Calvi,20260,Haute-Corse,Corse,42.566537,8.756907
https://data.datatourisme.fr/13/e90e84d1-0928-3004-9fac-6e591bd40a5b,TechnicalHeritage,Porto-Vecchio,20137,Corse-du-Sud,Corse,41.56314,9.282138
https://data.datatourisme.fr/13/e98c92cc-4d26-3b08-8a64-6091f6220324,CulturalSite,Calvi,20260,Haute-Corse,Corse,42.567866,8.759566
https://data.datatourisme.fr/13/e9f6e37c-90fe-3e83-ac62-24fff221f9a5,ReligiousSite,Calvi,20260,Haute-Corse,Corse,42.570249,8.755506
https://data.datatourisme.fr/13/eac35e9b-1be3-3cbc-93a0-12ebd8154116,HotelTrade,L'Île-Rousse,20220,Haute-Corse,Corse,42.633047,8.94109
https://data.datatourisme.fr/13/ec8b2c14-b4b7-32e9-91fe-f8a1cc359555,FoodEstablishment,Calvi,20260,Haute-Corse,Corse,42.566254,8.758216
https://data.datatourisme.fr/13/ec903f8f-161b-3ef3-a0b2-d914bde04526,HotelTrade,L'Île-Rousse,20220,Haute-Corse,Corse,42.636093,8.938393
https://data.datatourisme.fr/13/ecd4f0ab-2883-3048-bf3f-d96f46998149,CollectiveAccommodation,Porto-Vecchio,20137,Corse-du-Sud,Corse,41.591416,9.361057
https://data.datatourisme.fr/13/ed2dc260-8c8a-325c-8ebc-e65e8d201c36,FoodEstablishment,Calenzana,20214,Haute-Corse,Corse,42.508436,8.855083
https://data.datatourisme.fr/13/ed78264d-a88a-32d1-821e-72175a80a486,SportsAndLeisurePlace,L'Île-Rousse,20220,Haute-Corse,Corse,42.634,8.9418
https://data.datatourisme.fr/13/ed9e6663-5258-3804-95ad-05f72576586c,FoodEstablishment,Porto-Vecchio,20137,Corse-du-Sud,Corse,41.553976,9.318594
https://data.datatourisme.fr/13/ee089dd5-3e57-3bb2-b1ca-208f697527d1,ReligiousSite,Cateri,20225,Haute-Corse,Corse,42.574085,8.886734
https://data.datatourisme.fr/13/ee9c1fdf-d0d5-30e6-b910-11a8749d6b14,FoodEstablishment,Algajola,20220,Haute-Corse,Corse,42.608479,8.862255
https://data.datatourisme.fr/13/eea2ea1a-d368-3401-a3c9-53162c24467d,HotelTrade,Porto-Vecchio,20538,Corse-du-Sud,Corse,41.525,9.2715
https://data.datatourisme.fr/13/ef343df0-1552-33a7-96bf-f534bda83a3e,Store,Bonifacio,20169,Corse-du-Sud,Corse,41.387284,9.159615
https://data.datatourisme.fr/13/ef3c2fa1-cca7-3b60-ba82-67bf3c1ed908,SportsAndLeisurePlace,Porto-Vecchio,20137,Corse-du-Sud,Corse,41.524123,9.272116
https://data.datatourisme.fr/13/eff7a491-9c8e-3f3b-bf47-376dbd19f074,Store,Algajola,20220,Haute-Corse,Corse,42.609647,8.871506
https://data.datatourisme.fr/13/f02be772-451a-32c0-b875-ce02efca794b,SportsAndLeisurePlace,Monticello,20220,Haute-Corse,Corse,42.630931,8.95604
https://data.datatourisme.fr/13/f12849d8-cf11-3608-9272-556f90c90d93,SportsAndLeisurePlace,Calvi,20260,Haute-Corse,Corse,42.565364,8.757207
https://data.datatourisme.fr/13/f1639b27-8523-3ff2-962e-df750fba9e44,Store,Aregno,20220,Haute-Corse,Corse,42.579815,8.89162
https://data.datatourisme.fr/13/f1bb3a1e-296c-3d5b-8464-7aed7e48fff0,HotelTrade,Calvi,20260,Haute-Corse,Corse,42.558128,8.75798
https://data.datatourisme.fr/13/f1efd272-5027-3574-a7ff-6b716fe72c8e,FoodEstablishment,Calvi,20260,Haute-Corse,Corse,42.556629,8.763024
https://data.datatourisme.fr/13/f2c536d3-e2f5-3a61-b7e7-b2a378f70928,CampingAndCaravanning,Aregno,20220,Haute-Corse,Corse,42.608523,8.87424
https://data.datatourisme.fr/13/f2c782d6-6bba-3a00-95e9-888fc382c2da,HotelTrade,Calvi,20260,Haute-Corse,Corse,42.568717,8.756545
https://data.datatourisme.fr/13/f2f32a7c-b408-3aa9-86bb-d324db79b367,SportsAndLeisurePlace,Bonifacio,20169,Corse-du-Sud,Corse,41.38859,9.158226
https://data.datatourisme.fr/13/f30a1038-6131-3181-9116-57ef6e4f15f9,Store,Porto-Vecchio,20137,Corse-du-Sud,Corse,41.578285,9.274765
https://data.datatourisme.fr/13/f30a2efa-3b01-33af-a455-73586799694f,CampingAndCaravanning,Ota,20198,Corse-du-Sud,Corse,42.253737,8.722483
https://data.datatourisme.fr/13/f32189f7-6ad0-3f0b-ae1e-4c24d22270bc,Store,Urtaca,20218,Haute-Corse,Corse,42.594946,9.164439
https://data.datatourisme.fr/13/f33c28b9-6682-32b9-892d-275946db06f5,Store,Bonifacio,20169,Corse-du-Sud,Corse,41.40498,9.224346
https://data.datatourisme.fr/13/f3686263-46b5-3c35-a661-f420fe63f8ed,FoodEstablishment,Calvi,20260,Haute-Corse,Corse,42.566467,8.757603
https://data.datatourisme.fr/13/f378be33-92c4-397a-bab1-0535a2aa85ac,Transport,Calvi,20260,Haute-Corse,Corse,42.565097,8.756512
https://data.datatourisme.fr/13/f382fd59-100c-3dc5-b52f-579a6932c27c,Store,Calenzana,20214,Haute-Corse,Corse,42.567044,8.760157
https://data.datatourisme.fr/13/f3a4de91-cd6a-39fe-bafe-d560689b7aaf,HotelTrade,Porto-Vecchio,20137,Corse-du-Sud,Corse,41.588729,9.304513
https://data.datatourisme.fr/13/f3a5cbc1-a4ab-36a8-9b18-bbcede382ef9,SportsAndLeisurePlace,Calvi,20260,Haute-Corse,Corse,42.564723,8.756556
https://data.datatourisme.fr/13/f45190d2-1587-3b41-b88a-d911aeb73ccb,Store,Serra-di-Scopamène,20127,Corse-du-Sud,Corse,41.781086,9.106882
https://data.datatourisme.fr/13/f45fb4a8-4f61-3085-b67b-54d8441013a6,FoodEstablishment,L'Île-Rousse,20220,Haute-Corse,Corse,42.635713,8.93782
https://data.datatourisme.fr/13/f468669f-eddb-356d-80c1-affe9d13aa13,CulturalSite,Porto-Vecchio,20137,Corse-du-Sud,Corse,41.59025,9.279757
https://data.datatourisme.fr/13/f67303d0-6c95-331a-890a-011b356b3c8e,Store,Calenzana,20214,Haute-Corse,Corse,42.486901,8.80402
https://data.datatourisme.fr/13/f73219e0-2ce7-34da-8630-1684ded372a7,FoodEstablishment,Porto-Vecchio,20137,Corse-du-Sud,Corse,41.601629,9.266067
https://data.datatourisme.fr/13/f8f9d1e3-6f3c-3da8-9957-af522ba2c2fc,HotelTrade,L'Île-Rousse,20220,Haute-Corse,Corse,42.643407,8.936702
https://data.datatourisme.fr/13/f90034b8-53e8-3200-8d22-6fb71fd4edc8,HotelTrade,Porto-Vecchio,20137,Corse-du-Sud,Corse,41.581376,9.276602
https://data.datatourisme.fr/13/f92ded0c-31f0-30e7-8034-c72ae98bc125,Transport,L'Île-Rousse,20220,Haute-Corse,Corse,42.640386,8.935309
https://data.datatourisme.fr/13/f945cd0a-513e-35f9-8ba3-1977ff4ada4f,SportsCompetition,L'Île-Rousse,20220,Haute-Corse,Corse,42.627554,8.92696
https://data.datatourisme.fr/13/f9a59e86-8f1f-3ac3-af08-a6dfcfe05d7a,FoodEstablishment,Monticello,20220,Haute-Corse,Corse,42.617557,8.955177
https://data.datatourisme.fr/13/fa7825d8-b735-32c6-a2c9-1bc478c5932e,HolidayResort,L'Île-Rousse,20220,Haute-Corse,Corse,42.628792,8.942627
https://data.datatourisme.fr/13/faf2c360-00b4-3be5-8238-939ec6f05a7b,Store,Olmeta-di-Tuda,20232,Haute-Corse,Corse,42.611873,9.356176
https://data.datatourisme.fr/13/fb67bc39-0a6b-3f15-a998-d0a07cbc7f64,HotelTrade,Galéria,20245,Haute-Corse,Corse,42.412022,8.644852
https://data.datatourisme.fr/13/fc75c0ce-27eb-3eb6-8870-d86b604af438,SportsAndLeisurePlace,Calvi,20260,Haute-Corse,Corse,42.568155,8.759554
https://data.datatourisme.fr/13/fc91f6cf-6cb9-3c89-b4e9-a651ca19c886,CampingAndCaravanning,Lumio,20260,Haute-Corse,Corse,42.588916,8.847114
https://data.datatourisme.fr/13/fe353538-c261-34f3-aeca-dac0a0353d50,SportsAndLeisurePlace,Pigna,20220,Haute-Corse,Corse,42.59972,8.90297
https://data.datatourisme.fr/13/fee026aa-0aa1-3bc8-bf55-c072e332a38f,SportsAndLeisurePlace,Corbara,20220,Haute-Corse,Corse,42.627,8.9058
https://data.datatourisme.fr/13/ff22bb83-6515-3e5a-bef4-7c19c38d13d9,FoodEstablishment,Calvi,20260,Haute-Corse,Corse,42.566999,8.757473
https://data.datatourisme.fr/13/ffc6590c-e617-33bc-af76-d1f7d487e6fa,FoodEstablishment,Calvi,20260,Haute-Corse,Corse,42.566,8.7581
https://data.datatourisme.fr/13/ffe728c8-9066-38ff-ac86-e25d3d0bdf87,SportsAndLeisurePlace,Calvi,20260,Haute-Corse,Corse,42.565929,8.757507
